epoch,gen_loss,disc_loss
1,[4.4555864],1.9982553
2,[4.4028187],1.9953232
3,[4.353793],1.9924746
4,[4.3086014],1.9897225
5,[4.2671256],1.9870667
6,[4.229202],1.9845281
7,[4.1945896],1.9820639
8,[4.1630254],1.9796963
9,[4.134413],1.9774057
10,[4.108429],1.9751971
11,[4.084733],1.973078
12,[4.063117],1.970993
13,[4.0431814],1.9689467
14,[4.024663],1.9669006
15,[4.0072603],1.9648907
16,[3.9908342],1.9629084
17,[3.975153],1.9609474
18,[3.960112],1.9589778
19,[3.9456475],1.9570289
20,[3.9317002],1.9550766
21,[3.9182193],1.9531212
22,[3.9051507],1.9511938
23,[3.8924596],1.9492311
24,[3.8801112],1.947273
25,[3.868076],1.9452941
26,[3.8563414],1.9432847
27,[3.8448577],1.9412503
28,[3.8335705],1.9391947
29,[3.8224456],1.9371033
30,[3.8114557],1.9349903
31,[3.800585],1.9328682
32,[3.78983],1.9307168
33,[3.7791903],1.928544
34,[3.7686589],1.9263563
35,[3.7582464],1.9241589
36,[3.74798],1.9219416
37,[3.7378325],1.9196976
38,[3.7278144],1.9174356
39,[3.7179272],1.9151559
40,[3.7081778],1.9128715
41,[3.6985445],1.9105735
42,[3.6890097],1.9082553
43,[3.6795726],1.905914
44,[3.6702318],1.9035525
45,[3.660954],1.9011674
46,[3.651743],1.898777
47,[3.6426055],1.8963608
48,[3.6335511],1.8939061
49,[3.6245646],1.891434
50,[3.615648],1.8889415
51,[3.6068137],1.8864388
52,[3.5980465],1.8839368
53,[3.5893495],1.8814262
54,[3.5807314],1.8789055
55,[3.5721788],1.8763802
56,[3.5636928],1.8738577
57,[3.555285],1.8713148
58,[3.5469427],1.8687572
59,[3.5386574],1.8661883
60,[3.5304332],1.863603
61,[3.522276],1.8610162
62,[3.5141706],1.8584127
63,[3.5061157],1.8557919
64,[3.498107],1.8531586
65,[3.4901488],1.8505185
66,[3.4822347],1.8478608
67,[3.4743636],1.8451953
68,[3.4665499],1.8425276
69,[3.4587798],1.839853
70,[3.4510508],1.8371758
71,[3.443368],1.8344948
72,[3.4357316],1.8318112
73,[3.4281445],1.8291205
74,[3.4205937],1.8264282
75,[3.4130824],1.8237348
76,[3.4056125],1.8210304
77,[3.3981872],1.8183188
78,[3.390801],1.815607
79,[3.383464],1.812875
80,[3.376176],1.8101351
81,[3.3689334],1.8073915
82,[3.3617368],1.8046293
83,[3.3545897],1.8018616
84,[3.347484],1.7990792
85,[3.3404212],1.7962849
86,[3.3333976],1.7934823
87,[3.3264103],1.7906721
88,[3.3194644],1.787849
89,[3.3125594],1.7850151
90,[3.3056886],1.782165
91,[3.298855],1.7793093
92,[3.2920604],1.7764461
93,[3.2852993],1.7736025
94,[3.278572],1.7707527
95,[3.2718828],1.7678952
96,[3.2652314],1.7650356
97,[3.258614],1.7621722
98,[3.2520287],1.7593083
99,[3.2454803],1.7564349
100,[3.2389722],1.753562
101,[3.232505],1.7506795
102,[3.226068],1.7477759
103,[3.21967],1.7448628
104,[3.2133074],1.7419543
105,[3.2069738],1.7390401
106,[3.200675],1.736124
107,[3.1944103],1.7331998
108,[3.1881855],1.7302626
109,[3.181995],1.7273157
110,[3.1758351],1.7243634
111,[3.1696992],1.7213974
112,[3.1635847],1.7184219
113,[3.1574888],1.7154474
114,[3.1514237],1.712465
115,[3.1453817],1.7094822
116,[3.1393623],1.7064886
117,[3.1333644],1.703477
118,[3.1273923],1.7004486
119,[3.1214378],1.6974077
120,[3.1155057],1.6943673
121,[3.1095982],1.6913092
122,[3.1037095],1.6882395
123,[3.0978441],1.6851528
124,[3.0919986],1.6820456
125,[3.086177],1.6789248
126,[3.0803816],1.6757982
127,[3.074603],1.6726451
128,[3.0688555],1.6694839
129,[3.0631351],1.6663165
130,[3.0574393],1.663138
131,[3.0517664],1.659946
132,[3.0461159],1.6567421
133,[3.04049],1.653539
134,[3.0348892],1.6503109
135,[3.029316],1.6470816
136,[3.0237672],1.6438508
137,[3.0182405],1.6406186
138,[3.0127354],1.6373855
139,[3.0072494],1.6341474
140,[3.0017803],1.6308954
141,[2.996329],1.6276469
142,[2.9908905],1.6244054
143,[2.9854763],1.6211774
144,[2.9800813],1.617945
145,[2.9747036],1.6147039
146,[2.9693365],1.6114521
147,[2.963987],1.6081953
148,[2.9586546],1.6049438
149,[2.9533384],1.601664
150,[2.948038],1.5983783
151,[2.9427521],1.5950983
152,[2.9374826],1.5918256
153,[2.9322307],1.5885552
154,[2.926992],1.5852811
155,[2.9217637],1.582005
156,[2.9165473],1.5787194
157,[2.9113438],1.5754223
158,[2.9061522],1.572124
159,[2.9009771],1.5688121
160,[2.895815],1.5654734
161,[2.8906627],1.5621245
162,[2.8855195],1.5587654
163,[2.8803892],1.5554092
164,[2.8752728],1.5520453
165,[2.8701656],1.548695
166,[2.865073],1.5453635
167,[2.8599985],1.5420269
168,[2.8549354],1.538692
169,[2.8498878],1.535357
170,[2.844859],1.532031
171,[2.839848],1.5287281
172,[2.8348482],1.5254346
173,[2.8298573],1.5221529
174,[2.8248763],1.5188805
175,[2.819903],1.5156279
176,[2.8149414],1.5123923
177,[2.8099973],1.5091501
178,[2.805071],1.5059006
179,[2.8001595],1.5026512
180,[2.7952602],1.4994099
181,[2.7903724],1.4961748
182,[2.7854931],1.4929231
183,[2.780623],1.4896553
184,[2.7757633],1.4863927
185,[2.7709174],1.4831359
186,[2.7660792],1.4798989
187,[2.7612503],1.4766691
188,[2.7564301],1.4734354
189,[2.7516146],1.4702165
190,[2.746809],1.4670117
191,[2.742014],1.4638324
192,[2.7372272],1.460662
193,[2.7324495],1.4574932
194,[2.7276793],1.4543271
195,[2.7229123],1.451181
196,[2.7181506],1.4480469
197,[2.7134037],1.4449308
198,[2.708665],1.4418226
199,[2.703929],1.4387152
200,[2.6991987],1.4356086
201,[2.694478],1.4325223
202,[2.6897664],1.4294573
203,[2.685061],1.4264128
204,[2.6803625],1.4233739
205,[2.6756697],1.4203362
206,[2.6709802],1.4172899
207,[2.666296],1.4142506
208,[2.6616158],1.4112282
209,[2.656938],1.4082291
210,[2.652268],1.4052403
211,[2.6476038],1.4022843
212,[2.642944],1.399358
213,[2.6382878],1.3964552
214,[2.6336374],1.3935671
215,[2.628993],1.3906839
216,[2.6243556],1.3878152
217,[2.619722],1.3849556
218,[2.6150897],1.3821089
219,[2.6104589],1.3792858
220,[2.6058335],1.3764877
221,[2.6012154],1.3736984
222,[2.5966012],1.3709178
223,[2.591992],1.3681464
224,[2.5873785],1.3654008
225,[2.5827668],1.3626721
226,[2.578157],1.3599501
227,[2.5735464],1.3572445
228,[2.5689392],1.3545525
229,[2.5643346],1.3518698
230,[2.5597298],1.3492017
231,[2.555127],1.3465486
232,[2.5505204],1.343916
233,[2.5459123],1.3413049
234,[2.5412972],1.3387221
235,[2.5366793],1.3361621
236,[2.5320563],1.3336356
237,[2.5274334],1.3311318
238,[2.5228052],1.3286531
239,[2.51817],1.3262036
240,[2.513532],1.3237832
241,[2.5088935],1.3213862
242,[2.5042505],1.3190143
243,[2.4995968],1.3166566
244,[2.494935],1.3143297
245,[2.4902635],1.3120271
246,[2.4855852],1.3097495
247,[2.4809012],1.307497
248,[2.4762084],1.3052667
249,[2.4715097],1.3030599
250,[2.4668014],1.3008794
251,[2.4620802],1.2987309
252,[2.4573545],1.2966068
253,[2.452628],1.294498
254,[2.4478965],1.2924106
255,[2.4431624],1.29034
256,[2.438424],1.2882781
257,[2.4336822],1.2862439
258,[2.4289372],1.2842305
259,[2.4241893],1.2822376
260,[2.4194343],1.2802641
261,[2.41468],1.2782974
262,[2.409928],1.2763278
263,[2.4051735],1.2743623
264,[2.4004183],1.2724044
265,[2.3956645],1.2704496
266,[2.390915],1.2685032
267,[2.3861718],1.2665658
268,[2.3814392],1.2646351
269,[2.3767185],1.2626996
270,[2.3720136],1.2607579
271,[2.367325],1.258816
272,[2.362657],1.2568712
273,[2.3580053],1.2549281
274,[2.3533678],1.2529832
275,[2.3487444],1.2510265
276,[2.3441317],1.2490568
277,[2.3395422],1.2470686
278,[2.334976],1.245069
279,[2.3304305],1.2430551
280,[2.3259077],1.2410202
281,[2.3214016],1.2389761
282,[2.3169148],1.2369094
283,[2.3124523],1.234818
284,[2.308012],1.2327046
285,[2.3035917],1.2305673
286,[2.2991948],1.2284193
287,[2.29482],1.2262588
288,[2.2904658],1.2240809
289,[2.286134],1.2218924
290,[2.281824],1.2196965
291,[2.2775342],1.2174953
292,[2.2732646],1.2152896
293,[2.2690125],1.2130857
294,[2.2647803],1.2108781
295,[2.2605615],1.2086732
296,[2.2563562],1.2064753
297,[2.2521677],1.2042837
298,[2.2479968],1.2020948
299,[2.2438414],1.1999202
300,[2.2397008],1.1977618
301,[2.2355776],1.1956215
302,[2.2314682],1.1935083
303,[2.227375],1.1914229
304,[2.223298],1.1893623
305,[2.2192342],1.1873233
306,[2.2151864],1.1853027
307,[2.211157],1.1833092
308,[2.2071474],1.1813476
309,[2.2031538],1.1794205
310,[2.1991768],1.1775239
311,[2.195215],1.1756508
312,[2.1912677],1.1738012
313,[2.1873367],1.1719759
314,[2.1834176],1.1701748
315,[2.1795146],1.1683958
316,[2.1756284],1.1666442
317,[2.171758],1.1649158
318,[2.1679044],1.163213
319,[2.1640642],1.161535
320,[2.1602368],1.1598788
321,[2.1564188],1.1582448
322,[2.1526148],1.1566327
323,[2.1488228],1.1550386
324,[2.145044],1.1534635
325,[2.141281],1.1519051
326,[2.1375275],1.1503649
327,[2.1337836],1.1488497
328,[2.1300516],1.1473548
329,[2.1263328],1.1458759
330,[2.122623],1.1444142
331,[2.1189249],1.1429696
332,[2.1152396],1.1415458
333,[2.1115642],1.1401427
334,[2.107899],1.1387584
335,[2.1042447],1.1373906
336,[2.100602],1.13604
337,[2.0969694],1.1347063
338,[2.0933478],1.1333904
339,[2.0897372],1.1320901
340,[2.0861354],1.1308055
341,[2.082543],1.1295428
342,[2.0789623],1.1282942
343,[2.075393],1.1270595
344,[2.071831],1.1258409
345,[2.0682755],1.1246419
346,[2.0647264],1.1234589
347,[2.0611854],1.1222928
348,[2.0576515],1.1211414
349,[2.0541253],1.1200073
350,[2.0506074],1.1188898
351,[2.047099],1.1177924
352,[2.0435987],1.1167125
353,[2.0401068],1.11565
354,[2.036625],1.1146059
355,[2.0331552],1.1135739
356,[2.0296943],1.1125576
357,[2.0262418],1.111551
358,[2.0227969],1.1105555
359,[2.0193613],1.1095738
360,[2.0159354],1.1086061
361,[2.012519],1.107648
362,[2.0091093],1.1067
363,[2.005708],1.1057699
364,[2.0023162],1.1048607
365,[1.9989303],1.1039629
366,[1.9955486],1.1030716
367,[1.9921744],1.1021897
368,[1.9888071],1.1013193
369,[1.9854494],1.100461
370,[1.9820999],1.099613
371,[1.978756],1.0987766
372,[1.9754195],1.0979531
373,[1.9720883],1.0971415
374,[1.9687612],1.0963364
375,[1.9654417],1.0955379
376,[1.9621276],1.0947466
377,[1.9588203],1.093965
378,[1.9555185],1.0931925
379,[1.9522218],1.09243
380,[1.948933],1.0916767
381,[1.9456489],1.0909307
382,[1.9423699],1.0901916
383,[1.9390992],1.0894606
384,[1.935834],1.0887372
385,[1.9325758],1.0880212
386,[1.9293212],1.0873144
387,[1.92607],1.086618
388,[1.9228259],1.0859307
389,[1.9195862],1.085252
390,[1.9163532],1.0845804
391,[1.913129],1.0839151
392,[1.9099119],1.0832567
393,[1.9067013],1.0826057
394,[1.9034948],1.0819619
395,[1.900294],1.0813255
396,[1.8971019],1.0806963
397,[1.8939155],1.080076
398,[1.8907361],1.0794642
399,[1.8875631],1.0788602
400,[1.8843966],1.0782639
401,[1.8812357],1.0776742
402,[1.8780811],1.0770916
403,[1.8749342],1.076515
404,[1.8717966],1.0759447
405,[1.8686686],1.0753806
406,[1.8655471],1.0748241
407,[1.8624307],1.0742737
408,[1.8593203],1.07373
409,[1.8562181],1.0731916
410,[1.8531237],1.0726604
411,[1.8500345],1.0721366
412,[1.8469524],1.0716174
413,[1.8438781],1.0711023
414,[1.8408089],1.0705917
415,[1.8377467],1.0700881
416,[1.8346905],1.0695893
417,[1.8316401],1.0690947
418,[1.828598],1.068605
419,[1.8255632],1.0681213
420,[1.8225377],1.0676429
421,[1.819521],1.0671709
422,[1.8165116],1.0667052
423,[1.8135105],1.0662444
424,[1.8105161],1.065788
425,[1.8075286],1.0653372
426,[1.8045481],1.0648923
427,[1.8015769],1.0644522
428,[1.7986147],1.0640163
429,[1.7956604],1.0635834
430,[1.792713],1.0631535
431,[1.7897708],1.0627267
432,[1.7868363],1.062304
433,[1.7839104],1.0618844
434,[1.780993],1.0614684
435,[1.778082],1.0610554
436,[1.7751796],1.0606459
437,[1.7722846],1.0602392
438,[1.7693965],1.0598357
439,[1.7665174],1.0594354
440,[1.7636468],1.0590374
441,[1.7607855],1.0586424
442,[1.7579334],1.0582502
443,[1.75509],1.057861
444,[1.7522544],1.0574741
445,[1.7494268],1.0570894
446,[1.7466068],1.0567083
447,[1.7437958],1.0563309
448,[1.7409915],1.055959
449,[1.7381976],1.0555918
450,[1.7354119],1.0552278
451,[1.7326338],1.0548661
452,[1.7298646],1.0545074
453,[1.7271035],1.0541517
454,[1.724351],1.0537999
455,[1.7216079],1.0534505
456,[1.7188716],1.0531039
457,[1.7161433],1.0527608
458,[1.7134228],1.0524203
459,[1.7107116],1.0520816
460,[1.7080113],1.0517454
461,[1.7053194],1.0514123
462,[1.7026364],1.051081
463,[1.6999624],1.0507512
464,[1.6972959],1.050424
465,[1.6946372],1.0501003
466,[1.6919864],1.0497794
467,[1.6893431],1.0494611
468,[1.6867087],1.049145
469,[1.6840808],1.0488315
470,[1.6814616],1.048521
471,[1.6788522],1.0482132
472,[1.6762495],1.0479081
473,[1.6736526],1.0476065
474,[1.6710628],1.0473073
475,[1.6684825],1.0470114
476,[1.6659111],1.0467186
477,[1.6633478],1.0464287
478,[1.6607933],1.0461416
479,[1.6582469],1.0458567
480,[1.6557076],1.0455742
481,[1.6531752],1.0452936
482,[1.6506497],1.0450156
483,[1.6481311],1.0447402
484,[1.645621],1.0444667
485,[1.6431192],1.0441952
486,[1.640625],1.0439273
487,[1.6381382],1.0436616
488,[1.6356602],1.0433981
489,[1.633191],1.0431379
490,[1.6307303],1.0428804
491,[1.6282775],1.0426247
492,[1.6258337],1.0423717
493,[1.6233969],1.0421208
494,[1.6209674],1.0418715
495,[1.618545],1.0416231
496,[1.6161311],1.041377
497,[1.6137246],1.041132
498,[1.6113249],1.0408889
499,[1.6089312],1.0406485
500,[1.6065444],1.0404099
501,[1.6041634],1.0401732
502,[1.6017885],1.0399393
503,[1.5994188],1.0397079
504,[1.5970546],1.0394793
505,[1.5946971],1.0392525
506,[1.5923463],1.0390284
507,[1.590003],1.0388067
508,[1.5876659],1.0385879
509,[1.5853349],1.0383717
510,[1.5830088],1.0381582
511,[1.5806874],1.0379472
512,[1.578373],1.0377386
513,[1.5760655],1.0375316
514,[1.573764],1.0373263
515,[1.5714688],1.0371226
516,[1.5691807],1.0369208
517,[1.5668995],1.0367205
518,[1.5646254],1.036522
519,[1.5623581],1.0363246
520,[1.5600978],1.0361282
521,[1.5578436],1.035933
522,[1.5555948],1.0357392
523,[1.553352],1.0355465
524,[1.5511147],1.0353558
525,[1.5488837],1.0351665
526,[1.5466585],1.0349784
527,[1.5444402],1.034791
528,[1.5422285],1.0346048
529,[1.5400239],1.0344198
530,[1.5378261],1.0342357
531,[1.5356346],1.0340533
532,[1.5334495],1.0338722
533,[1.5312703],1.0336928
534,[1.5290983],1.0335145
535,[1.5269327],1.0333375
536,[1.5247746],1.0331615
537,[1.5226231],1.032987
538,[1.5204787],1.032814
539,[1.5183412],1.0326426
540,[1.5162097],1.0324734
541,[1.5140853],1.032306
542,[1.511967],1.0321395
543,[1.5098534],1.0319748
544,[1.507744],1.0318112
545,[1.5056392],1.031649
546,[1.5035394],1.0314882
547,[1.501445],1.0313284
548,[1.4993552],1.0311695
549,[1.4972696],1.0310109
550,[1.4951886],1.0308533
551,[1.4931124],1.0306966
552,[1.4910413],1.0305414
553,[1.4889761],1.0303874
554,[1.4869151],1.0302346
555,[1.484859],1.030083
556,[1.482808],1.0299315
557,[1.4807616],1.0297813
558,[1.4787192],1.0296323
559,[1.4766812],1.0294839
560,[1.4746478],1.0293367
561,[1.4726188],1.0291905
562,[1.4705951],1.0290453
563,[1.4685764],1.0289013
564,[1.4665633],1.0287588
565,[1.464555],1.028617
566,[1.4625523],1.0284767
567,[1.4605552],1.0283374
568,[1.4585632],1.0281991
569,[1.4565762],1.0280612
570,[1.4545943],1.0279238
571,[1.4526178],1.0277871
572,[1.4506469],1.0276517
573,[1.448681],1.0275174
574,[1.4467196],1.0273845
575,[1.4447632],1.0272527
576,[1.4428115],1.027122
577,[1.4408654],1.0269932
578,[1.4389244],1.0268655
579,[1.4369898],1.0267389
580,[1.43506],1.0266132
581,[1.4331353],1.0264878
582,[1.4312155],1.0263636
583,[1.4293014],1.0262396
584,[1.4273919],1.0261165
585,[1.4254867],1.0259943
586,[1.4235859],1.025873
587,[1.4216902],1.0257518
588,[1.4197985],1.0256314
589,[1.4179105],1.0255119
590,[1.4160273],1.0253929
591,[1.4141477],1.0252752
592,[1.4122725],1.0251582
593,[1.4104013],1.025042
594,[1.408535],1.0249267
595,[1.4066736],1.024812
596,[1.4048175],1.0246985
597,[1.4029654],1.0245862
598,[1.4011178],1.0244749
599,[1.399275],1.0243642
600,[1.3974355],1.0242543
601,[1.3956006],1.0241446
602,[1.3937701],1.0240353
603,[1.3919442],1.0239267
604,[1.3901228],1.023819
605,[1.3883061],1.0237119
606,[1.3864937],1.0236053
607,[1.384686],1.0234997
608,[1.382883],1.0233946
609,[1.3810842],1.0232902
610,[1.3792902],1.0231862
611,[1.3775004],1.0230827
612,[1.3757162],1.02298
613,[1.3739362],1.0228782
614,[1.3721598],1.0227768
615,[1.3703886],1.0226758
616,[1.3686217],1.0225753
617,[1.366859],1.0224756
618,[1.3651006],1.0223764
619,[1.3633462],1.0222784
620,[1.3615963],1.0221813
621,[1.3598508],1.022085
622,[1.3581104],1.0219896
623,[1.3563746],1.0218947
624,[1.3546433],1.0218
625,[1.3529172],1.0217056
626,[1.3511956],1.0216115
627,[1.3494781],1.0215178
628,[1.3477652],1.0214245
629,[1.3460561],1.0213323
630,[1.3443506],1.0212405
631,[1.3426487],1.0211494
632,[1.3409517],1.0210589
633,[1.3392591],1.0209687
634,[1.3375711],1.020879
635,[1.3358866],1.0207897
636,[1.3342062],1.0207009
637,[1.3325305],1.0206125
638,[1.3308586],1.0205245
639,[1.3291905],1.020437
640,[1.3275269],1.02035
641,[1.3258673],1.0202637
642,[1.324212],1.0201781
643,[1.32256],1.0200934
644,[1.3209114],1.0200095
645,[1.3192668],1.0199261
646,[1.3176262],1.0198431
647,[1.3159891],1.0197607
648,[1.3143556],1.019679
649,[1.3127259],1.0195975
650,[1.3111006],1.0195165
651,[1.309478],1.0194359
652,[1.3078592],1.0193554
653,[1.306244],1.0192752
654,[1.304632],1.0191956
655,[1.3030233],1.0191165
656,[1.3014181],1.0190384
657,[1.2998165],1.0189612
658,[1.2982187],1.0188847
659,[1.2966249],1.0188086
660,[1.2950355],1.0187333
661,[1.2934499],1.0186584
662,[1.2918687],1.018584
663,[1.2902917],1.0185105
664,[1.2887182],1.0184374
665,[1.2871482],1.0183649
666,[1.2855825],1.0182931
667,[1.2840215],1.0182219
668,[1.2824647],1.0181513
669,[1.2809114],1.018081
670,[1.2793627],1.0180111
671,[1.2778176],1.0179412
672,[1.2762762],1.017872
673,[1.2747383],1.0178034
674,[1.2732037],1.0177356
675,[1.2716728],1.017668
676,[1.2701464],1.0176011
677,[1.2686237],1.0175345
678,[1.2671046],1.0174682
679,[1.26559],1.0174022
680,[1.2640795],1.0173364
681,[1.2625726],1.017271
682,[1.2610695],1.0172062
683,[1.2595692],1.0171413
684,[1.258072],1.0170767
685,[1.2565787],1.0170124
686,[1.255089],1.0169482
687,[1.2536027],1.0168848
688,[1.2521201],1.0168221
689,[1.2506406],1.0167599
690,[1.2491648],1.0166976
691,[1.2476918],1.0166359
692,[1.2462224],1.0165746
693,[1.2447556],1.0165136
694,[1.2432926],1.0164528
695,[1.2418333],1.0163925
696,[1.2403777],1.0163323
697,[1.2389251],1.0162725
698,[1.2374762],1.0162135
699,[1.2360306],1.0161546
700,[1.2345878],1.0160964
701,[1.2331486],1.0160384
702,[1.2317132],1.015981
703,[1.2302811],1.015924
704,[1.228853],1.0158674
705,[1.227428],1.0158108
706,[1.2260063],1.0157547
707,[1.2245885],1.0156989
708,[1.2231737],1.0156432
709,[1.2217615],1.0155878
710,[1.2203526],1.0155327
711,[1.2189474],1.0154778
712,[1.2175456],1.015423
713,[1.2161471],1.0153688
714,[1.2147517],1.0153143
715,[1.21336],1.0152603
716,[1.2119715],1.0152066
717,[1.2105862],1.0151532
718,[1.2092036],1.0151
719,[1.2078242],1.0150473
720,[1.2064474],1.0149943
721,[1.2050729],1.0149416
722,[1.2037014],1.0148892
723,[1.2023331],1.014837
724,[1.2009674],1.0147853
725,[1.1996052],1.0147339
726,[1.198246],1.0146828
727,[1.1968899],1.014632
728,[1.1955367],1.0145814
729,[1.1941872],1.0145311
730,[1.1928399],1.0144811
731,[1.1914954],1.0144312
732,[1.1901541],1.0143819
733,[1.1888149],1.0143323
734,[1.1874782],1.0142831
735,[1.1861441],1.014234
736,[1.1848125],1.014185
737,[1.1834837],1.0141361
738,[1.1821575],1.0140877
739,[1.180834],1.0140393
740,[1.1795133],1.0139912
741,[1.1781956],1.0139433
742,[1.1768808],1.0138958
743,[1.1755688],1.0138483
744,[1.1742592],1.013801
745,[1.1729529],1.0137541
746,[1.1716497],1.0137076
747,[1.1703494],1.0136614
748,[1.1690521],1.0136154
749,[1.1677574],1.0135695
750,[1.1664648],1.0135236
751,[1.1651754],1.0134783
752,[1.1638893],1.0134332
753,[1.1626054],1.0133889
754,[1.1613237],1.0133445
755,[1.1600449],1.0133007
756,[1.1587683],1.013257
757,[1.1574945],1.0132138
758,[1.1562235],1.0131707
759,[1.1549546],1.0131277
760,[1.153688],1.013085
761,[1.1524242],1.0130424
762,[1.1511631],1.013
763,[1.1499044],1.0129579
764,[1.1486486],1.0129158
765,[1.1473955],1.0128744
766,[1.146145],1.0128326
767,[1.144897],1.0127912
768,[1.1436512],1.01275
769,[1.1424084],1.0127091
770,[1.1411675],1.0126686
771,[1.1399287],1.0126286
772,[1.1386925],1.0125885
773,[1.1374584],1.0125484
774,[1.1362262],1.0125086
775,[1.1349968],1.012469
776,[1.1337693],1.0124295
777,[1.1325444],1.0123899
778,[1.1313218],1.0123508
779,[1.130102],1.0123119
780,[1.1288849],1.0122736
781,[1.1276702],1.0122349
782,[1.1264577],1.0121968
783,[1.1252471],1.0121584
784,[1.1240389],1.01212
785,[1.1228331],1.0120814
786,[1.1216301],1.0120428
787,[1.1204299],1.0120044
788,[1.1192322],1.0119662
789,[1.1180372],1.0119286
790,[1.116845],1.0118909
791,[1.1156551],1.0118536
792,[1.1144675],1.0118163
793,[1.113282],1.0117788
794,[1.1120989],1.0117416
795,[1.1109188],1.0117048
796,[1.1097409],1.0116681
797,[1.1085654],1.0116317
798,[1.1073924],1.0115957
799,[1.1062219],1.0115596
800,[1.1050538],1.011524
801,[1.1038876],1.0114882
802,[1.1027242],1.0114529
803,[1.1015629],1.0114176
804,[1.1004039],1.0113823
805,[1.0992477],1.0113473
806,[1.0980936],1.0113121
807,[1.0969418],1.011277
808,[1.0957929],1.0112424
809,[1.0946467],1.0112077
810,[1.0935028],1.0111732
811,[1.0923611],1.0111392
812,[1.0912212],1.0111048
813,[1.0900836],1.0110707
814,[1.0889485],1.0110368
815,[1.0878158],1.011003
816,[1.0866854],1.0109695
817,[1.0855577],1.0109365
818,[1.0844315],1.0109036
819,[1.0833075],1.0108709
820,[1.0821854],1.0108385
821,[1.0810647],1.0108061
822,[1.0799462],1.010774
823,[1.0788296],1.010742
824,[1.0777153],1.0107099
825,[1.0766029],1.0106778
826,[1.0754925],1.0106459
827,[1.0743841],1.0106142
828,[1.0732772],1.0105824
829,[1.0721725],1.0105509
830,[1.0710704],1.0105195
831,[1.0699707],1.010488
832,[1.0688726],1.0104569
833,[1.0677763],1.010426
834,[1.0666826],1.0103949
835,[1.065591],1.0103638
836,[1.0645015],1.0103331
837,[1.0634143],1.0103022
838,[1.0623292],1.0102714
839,[1.0612456],1.0102408
840,[1.060164],1.01021
841,[1.0590847],1.0101799
842,[1.0580075],1.01015
843,[1.0569327],1.0101202
844,[1.05586],1.0100905
845,[1.0547892],1.010061
846,[1.0537204],1.0100316
847,[1.0526541],1.0100024
848,[1.0515901],1.0099733
849,[1.0505276],1.0099443
850,[1.049467],1.0099154
851,[1.048408],1.0098864
852,[1.047351],1.0098577
853,[1.0462959],1.009829
854,[1.0452425],1.0098007
855,[1.0441911],1.0097725
856,[1.0431414],1.0097444
857,[1.0420939],1.0097164
858,[1.041049],1.0096884
859,[1.0400064],1.0096605
860,[1.0389651],1.0096328
861,[1.0379256],1.0096052
862,[1.036888],1.0095773
863,[1.0358521],1.0095496
864,[1.0348179],1.0095222
865,[1.0337856],1.0094947
866,[1.0327556],1.0094672
867,[1.0317274],1.0094397
868,[1.0307012],1.0094125
869,[1.0296767],1.0093852
870,[1.0286533],1.0093584
871,[1.027631],1.0093316
872,[1.0266106],1.0093052
873,[1.025592],1.0092788
874,[1.0245746],1.0092524
875,[1.0235583],1.0092262
876,[1.0225438],1.0092002
877,[1.0215311],1.0091743
878,[1.0205204],1.0091487
879,[1.0195119],1.0091231
880,[1.0185053],1.0090976
881,[1.0175006],1.0090721
882,[1.0164977],1.0090466
883,[1.015497],1.0090215
884,[1.0144978],1.0089962
885,[1.0135007],1.008971
886,[1.0125057],1.008946
887,[1.0115128],1.008921
888,[1.010521],1.008896
889,[1.0095313],1.0088713
890,[1.0085429],1.0088464
891,[1.007556],1.008822
892,[1.0065708],1.0087976
893,[1.0055878],1.0087733
894,[1.0046064],1.0087492
895,[1.0036267],1.0087253
896,[1.0026484],1.0087014
897,[1.0016719],1.0086778
898,[1.0006969],1.0086544
899,[0.99972385],1.0086308
900,[0.99875224],1.0086071
901,[0.99778277],1.0085837
902,[0.9968149],1.0085604
903,[0.99584895],1.008537
904,[0.9948847],1.0085139
905,[0.9939226],1.0084908
906,[0.9929621],1.0084676
907,[0.9920035],1.0084445
908,[0.99104697],1.0084217
909,[0.990092],1.0083987
910,[0.98913884],1.008376
911,[0.98818743],1.0083535
912,[0.9872375],1.0083311
913,[0.986289],1.0083086
914,[0.9853424],1.0082866
915,[0.98439705],1.0082645
916,[0.9834538],1.0082426
917,[0.9825124],1.0082208
918,[0.9815732],1.0081991
919,[0.98063564],1.0081773
920,[0.97969973],1.0081556
921,[0.97876537],1.0081339
922,[0.97783285],1.0081122
923,[0.97690225],1.0080907
924,[0.9759733],1.0080694
925,[0.97504646],1.0080483
926,[0.9741216],1.0080273
927,[0.9731984],1.0080062
928,[0.9722769],1.0079852
929,[0.9713568],1.0079644
930,[0.9704384],1.0079435
931,[0.9695213],1.0079226
932,[0.96860605],1.0079021
933,[0.9676924],1.0078816
934,[0.9667798],1.0078614
935,[0.9658693],1.0078411
936,[0.96496063],1.007821
937,[0.9640538],1.0078008
938,[0.9631488],1.007781
939,[0.96224546],1.0077611
940,[0.9613442],1.0077415
941,[0.9604445],1.0077218
942,[0.95954657],1.0077021
943,[0.9586503],1.0076826
944,[0.95775604],1.0076629
945,[0.95686346],1.0076435
946,[0.9559722],1.0076241
947,[0.9550825],1.0076051
948,[0.9541947],1.007586
949,[0.9533092],1.0075668
950,[0.9524258],1.0075476
951,[0.95154387],1.0075285
952,[0.950664],1.0075095
953,[0.9497859],1.0074904
954,[0.9489093],1.0074713
955,[0.9480343],1.0074525
956,[0.9471607],1.0074335
957,[0.9462885],1.0074148
958,[0.945418],1.0073962
959,[0.9445489],1.0073776
960,[0.94368154],1.0073589
961,[0.94281566],1.0073402
962,[0.94195163],1.0073218
963,[0.9410893],1.0073032
964,[0.94022834],1.0072846
965,[0.93936867],1.0072662
966,[0.93851006],1.0072477
967,[0.93765336],1.0072292
968,[0.93679804],1.0072107
969,[0.9359443],1.0071925
970,[0.9350921],1.0071743
971,[0.9342414],1.0071561
972,[0.93339217],1.007138
973,[0.93254447],1.00712
974,[0.9316982],1.007102
975,[0.93085366],1.0070841
976,[0.93001026],1.007066
977,[0.92916894],1.0070482
978,[0.9283288],1.0070305
979,[0.9274905],1.0070127
980,[0.92665356],1.0069952
981,[0.92581826],1.0069776
982,[0.9249843],1.0069602
983,[0.9241517],1.0069429
984,[0.9233207],1.0069258
985,[0.9224912],1.0069088
986,[0.9216629],1.0068917
987,[0.9208365],1.0068744
988,[0.92001194],1.0068572
989,[0.9191888],1.00684
990,[0.91836727],1.0068231
991,[0.9175474],1.0068061
992,[0.9167291],1.0067893
993,[0.9159124],1.0067725
994,[0.9150966],1.0067558
995,[0.9142822],1.0067391
996,[0.9134691],1.0067223
997,[0.91265744],1.0067058
998,[0.91184735],1.0066892
999,[0.91103846],1.0066726
1000,[0.9102308],1.0066562
1001,[0.90942436],1.0066398
1002,[0.90861875],1.0066235
1003,[0.9078146],1.0066072
1004,[0.90701133],1.0065911
1005,[0.90620923],1.0065749
1006,[0.90540814],1.0065588
1007,[0.90460825],1.0065429
1008,[0.90380996],1.006527
1009,[0.90301263],1.0065112
1010,[0.90221655],1.0064956
1011,[0.90142196],1.00648
1012,[0.90062845],1.0064642
1013,[0.89983654],1.0064487
1014,[0.8990455],1.006433
1015,[0.89825565],1.0064176
1016,[0.89746696],1.006402
1017,[0.89667964],1.0063865
1018,[0.8958936],1.006371
1019,[0.89510906],1.0063558
1020,[0.8943261],1.0063404
1021,[0.8935449],1.006325
1022,[0.89276534],1.00631
1023,[0.8919873],1.0062947
1024,[0.89121073],1.0062795
1025,[0.8904356],1.0062644
1026,[0.8896618],1.0062494
1027,[0.8888896],1.0062346
1028,[0.8881188],1.0062195
1029,[0.8873495],1.0062044
1030,[0.88658154],1.0061896
1031,[0.8858149],1.0061747
1032,[0.88504964],1.00616
1033,[0.8842855],1.0061452
1034,[0.8835232],1.0061309
1035,[0.8827621],1.0061166
1036,[0.8820022],1.0061023
1037,[0.8812439],1.0060881
1038,[0.8804871],1.006074
1039,[0.8797314],1.0060599
1040,[0.8789772],1.0060457
1041,[0.878224],1.0060315
1042,[0.87747204],1.0060176
1043,[0.87672144],1.0060036
1044,[0.875972],1.0059898
1045,[0.87522376],1.0059758
1046,[0.87447685],1.0059619
1047,[0.8737311],1.0059481
1048,[0.87298685],1.0059342
1049,[0.8722444],1.0059205
1050,[0.87150323],1.005907
1051,[0.87076336],1.0058933
1052,[0.8700246],1.0058799
1053,[0.8692875],1.0058663
1054,[0.8685516],1.0058529
1055,[0.86781687],1.0058395
1056,[0.86708343],1.0058262
1057,[0.8663514],1.0058126
1058,[0.8656206],1.0057995
1059,[0.8648912],1.0057864
1060,[0.8641627],1.0057733
1061,[0.86343575],1.0057602
1062,[0.8627099],1.0057472
1063,[0.86198527],1.0057342
1064,[0.86126196],1.0057213
1065,[0.8605398],1.0057083
1066,[0.85981905],1.0056956
1067,[0.85909957],1.0056827
1068,[0.8583813],1.00567
1069,[0.85766387],1.0056572
1070,[0.8569478],1.0056443
1071,[0.85623276],1.0056316
1072,[0.8555183],1.0056189
1073,[0.8548049],1.0056062
1074,[0.8540925],1.0055935
1075,[0.85338134],1.0055811
1076,[0.8526711],1.0055687
1077,[0.8519621],1.0055563
1078,[0.8512541],1.0055438
1079,[0.8505473],1.0055314
1080,[0.84984154],1.0055192
1081,[0.8491371],1.0055068
1082,[0.848434],1.0054944
1083,[0.8477319],1.005482
1084,[0.84703076],1.0054698
1085,[0.8463308],1.0054575
1086,[0.84563166],1.0054452
1087,[0.8449335],1.0054331
1088,[0.84423643],1.0054207
1089,[0.8435403],1.0054085
1090,[0.84284544],1.0053962
1091,[0.84215146],1.005384
1092,[0.8414586],1.005372
1093,[0.840767],1.00536
1094,[0.84007657],1.005348
1095,[0.839387],1.005336
1096,[0.8386986],1.0053241
1097,[0.8380116],1.0053121
1098,[0.8373259],1.0053002
1099,[0.83664083],1.0052884
1100,[0.8359569],1.0052767
1101,[0.8352741],1.0052649
1102,[0.8345919],1.0052532
1103,[0.83391076],1.0052416
1104,[0.833231],1.00523
1105,[0.83255213],1.0052184
1106,[0.8318744],1.0052067
1107,[0.83119786],1.0051951
1108,[0.8305222],1.0051837
1109,[0.8298476],1.005172
1110,[0.8291735],1.0051606
1111,[0.82850057],1.0051492
1112,[0.82782847],1.0051379
1113,[0.8271571],1.0051267
1114,[0.82648677],1.0051154
1115,[0.8258176],1.0051042
1116,[0.82514966],1.0050931
1117,[0.82448274],1.0050817
1118,[0.8238171],1.0050707
1119,[0.82315207],1.0050597
1120,[0.8224882],1.0050488
1121,[0.82182527],1.0050378
1122,[0.82116354],1.0050268
1123,[0.8205027],1.0050161
1124,[0.81984276],1.0050052
1125,[0.8191838],1.0049946
1126,[0.81852615],1.0049839
1127,[0.81786954],1.0049732
1128,[0.81721383],1.0049624
1129,[0.8165593],1.0049517
1130,[0.8159057],1.004941
1131,[0.8152532],1.0049305
1132,[0.8146017],1.00492
1133,[0.81395155],1.0049095
1134,[0.8133027],1.0048989
1135,[0.8126548],1.0048883
1136,[0.8120081],1.0048778
1137,[0.8113624],1.0048676
1138,[0.8107174],1.0048571
1139,[0.81007344],1.0048467
1140,[0.8094306],1.0048363
1141,[0.8087887],1.0048263
1142,[0.80814785],1.004816
1143,[0.80750805],1.004806
1144,[0.8068691],1.004796
1145,[0.80623114],1.004786
1146,[0.8055937],1.0047758
1147,[0.80495715],1.0047655
1148,[0.80432147],1.0047556
1149,[0.8036864],1.0047455
1150,[0.80305225],1.0047354
1151,[0.80241895],1.0047255
1152,[0.8017865],1.0047152
1153,[0.80115473],1.0047053
1154,[0.8005238],1.0046955
1155,[0.79989386],1.0046858
1156,[0.7992649],1.0046761
1157,[0.79863656],1.0046663
1158,[0.7980088],1.0046566
1159,[0.7973819],1.004647
1160,[0.796756],1.0046375
1161,[0.7961309],1.004628
1162,[0.79550695],1.0046184
1163,[0.7948838],1.0046089
1164,[0.7942617],1.0045996
1165,[0.7936405],1.0045902
1166,[0.79302025],1.0045807
1167,[0.7924007],1.0045714
1168,[0.79178214],1.0045621
1169,[0.7911644],1.0045528
1170,[0.7905473],1.0045437
1171,[0.7899311],1.0045342
1172,[0.7893157],1.0045251
1173,[0.78870153],1.0045159
1174,[0.7880885],1.0045066
1175,[0.78747654],1.0044975
1176,[0.78686583],1.0044882
1177,[0.786256],1.0044793
1178,[0.78564715],1.0044702
1179,[0.7850392],1.0044612
1180,[0.78443193],1.0044522
1181,[0.7838256],1.0044432
1182,[0.7832203],1.0044343
1183,[0.78261566],1.0044254
1184,[0.782012],1.0044165
1185,[0.78140926],1.0044075
1186,[0.7808074],1.0043988
1187,[0.78020656],1.0043898
1188,[0.7796068],1.004381
1189,[0.77900827],1.0043722
1190,[0.77841055],1.0043635
1191,[0.7778138],1.0043547
1192,[0.77721786],1.0043459
1193,[0.77662283],1.0043373
1194,[0.77602863],1.0043287
1195,[0.77543527],1.0043199
1196,[0.7748427],1.0043113
1197,[0.77425086],1.0043026
1198,[0.77366006],1.004294
1199,[0.77307016],1.0042856
1200,[0.77248114],1.004277
1201,[0.7718928],1.0042686
1202,[0.77130514],1.0042598
1203,[0.7707184],1.0042515
1204,[0.77013224],1.0042431
1205,[0.769547],1.0042347
1206,[0.7689626],1.0042264
1207,[0.7683792],1.0042181
1208,[0.7677962],1.0042098
1209,[0.76721406],1.0042017
1210,[0.7666328],1.0041934
1211,[0.76605207],1.0041853
1212,[0.76547223],1.0041771
1213,[0.7648932],1.004169
1214,[0.764315],1.0041606
1215,[0.76373774],1.0041525
1216,[0.76316136],1.0041444
1217,[0.76258546],1.0041364
1218,[0.7620104],1.0041283
1219,[0.7614362],1.0041203
1220,[0.76086307],1.0041124
1221,[0.7602907],1.0041044
1222,[0.75971913],1.0040965
1223,[0.7591484],1.0040884
1224,[0.75857854],1.0040803
1225,[0.7580098],1.0040725
1226,[0.7574418],1.0040644
1227,[0.7568745],1.0040566
1228,[0.7563079],1.0040486
1229,[0.75574213],1.0040407
1230,[0.7551771],1.0040329
1231,[0.7546124],1.004025
1232,[0.7540485],1.0040174
1233,[0.75348556],1.0040096
1234,[0.75292355],1.0040017
1235,[0.7523625],1.003994
1236,[0.75180227],1.0039864
1237,[0.75124305],1.003979
1238,[0.7506847],1.0039711
1239,[0.750127],1.0039637
1240,[0.7495703],1.0039563
1241,[0.74901456],1.0039487
1242,[0.7484597],1.0039412
1243,[0.74790525],1.0039338
1244,[0.74735194],1.0039265
1245,[0.7467991],1.0039189
1246,[0.74624735],1.0039115
1247,[0.74569625],1.0039041
1248,[0.7451461],1.0038967
1249,[0.7445968],1.0038893
1250,[0.7440485],1.0038819
1251,[0.7435009],1.0038747
1252,[0.7429543],1.0038674
1253,[0.7424082],1.00386
1254,[0.741863],1.0038526
1255,[0.74131864],1.0038452
1256,[0.7407751],1.0038381
1257,[0.7402323],1.0038309
1258,[0.73969024],1.0038236
1259,[0.7391486],1.0038165
1260,[0.7386079],1.0038093
1261,[0.7380679],1.0038023
1262,[0.7375287],1.0037951
1263,[0.7369903],1.003788
1264,[0.7364525],1.0037811
1265,[0.73591554],1.0037739
1266,[0.7353793],1.0037669
1267,[0.7348438],1.00376
1268,[0.7343089],1.003753
1269,[0.7337748],1.003746
1270,[0.7332412],1.0037391
1271,[0.7327086],1.0037322
1272,[0.73217654],1.0037253
1273,[0.73164535],1.0037184
1274,[0.73111475],1.0037117
1275,[0.7305848],1.0037048
1276,[0.7300556],1.0036981
1277,[0.72952724],1.0036914
1278,[0.7289995],1.0036848
1279,[0.7284725],1.0036781
1280,[0.7279463],1.0036714
1281,[0.7274208],1.0036647
1282,[0.72689605],1.003658
1283,[0.726372],1.0036514
1284,[0.7258487],1.0036447
1285,[0.7253261],1.0036383
1286,[0.72480404],1.0036316
1287,[0.7242828],1.003625
1288,[0.7237623],1.0036185
1289,[0.7232422],1.003612
1290,[0.7227228],1.0036055
1291,[0.7222044],1.0035989
1292,[0.72168624],1.0035925
1293,[0.72116894],1.003586
1294,[0.72065234],1.0035796
1295,[0.7201363],1.0035732
1296,[0.7196208],1.0035667
1297,[0.7191057],1.0035604
1298,[0.71859115],1.003554
1299,[0.71807724],1.0035475
1300,[0.7175641],1.0035411
1301,[0.7170515],1.0035348
1302,[0.71653926],1.0035286
1303,[0.71602774],1.0035222
1304,[0.71551675],1.003516
1305,[0.7150063],1.0035098
1306,[0.7144966],1.0035033
1307,[0.7139876],1.0034971
1308,[0.71347934],1.0034909
1309,[0.7129717],1.0034847
1310,[0.7124646],1.0034785
1311,[0.7119581],1.0034724
1312,[0.7114521],1.0034661
1313,[0.7109468],1.0034599
1314,[0.7104418],1.0034537
1315,[0.7099374],1.0034475
1316,[0.7094336],1.0034413
1317,[0.70893055],1.0034351
1318,[0.7084283],1.0034289
1319,[0.7079265],1.0034227
1320,[0.70742553],1.0034165
1321,[0.7069251],1.0034105
1322,[0.7064252],1.0034044
1323,[0.70592606],1.0033984
1324,[0.7054276],1.0033925
1325,[0.7049297],1.0033865
1326,[0.70443267],1.0033805
1327,[0.7039363],1.0033746
1328,[0.7034405],1.0033686
1329,[0.7029453],1.0033627
1330,[0.70245063],1.0033569
1331,[0.7019564],1.0033511
1332,[0.7014631],1.003345
1333,[0.7009702],1.0033392
1334,[0.70047826],1.0033333
1335,[0.69998676],1.0033274
1336,[0.69949603],1.0033216
1337,[0.699006],1.0033157
1338,[0.6985167],1.00331
1339,[0.6980281],1.003304
1340,[0.69754034],1.003298
1341,[0.69705296],1.0032923
1342,[0.69656634],1.0032866
1343,[0.6960802],1.0032809
1344,[0.6955947],1.003275
1345,[0.6951097],1.0032693
1346,[0.6946255],1.0032636
1347,[0.6941418],1.003258
1348,[0.6936587],1.0032523
1349,[0.6931761],1.0032465
1350,[0.6926942],1.0032408
1351,[0.692213],1.0032351
1352,[0.6917324],1.0032294
1353,[0.6912524],1.0032237
1354,[0.6907729],1.0032179
1355,[0.69029397],1.0032125
1356,[0.6898156],1.0032068
1357,[0.68933773],1.0032014
1358,[0.68886054],1.0031958
1359,[0.6883838],1.0031902
1360,[0.6879077],1.0031847
1361,[0.6874323],1.0031792
1362,[0.68695736],1.0031736
1363,[0.6864831],1.0031683
1364,[0.68600905],1.0031629
1365,[0.68553567],1.0031574
1366,[0.6850627],1.0031519
1367,[0.6845905],1.0031464
1368,[0.6841189],1.0031409
1369,[0.6836478],1.0031356
1370,[0.6831772],1.0031301
1371,[0.6827072],1.0031247
1372,[0.68223774],1.0031193
1373,[0.6817688],1.003114
1374,[0.68130034],1.0031086
1375,[0.68083256],1.0031033
1376,[0.6803653],1.003098
1377,[0.6798986],1.0030928
1378,[0.6794328],1.0030875
1379,[0.6789676],1.0030823
1380,[0.6785029],1.003077
1381,[0.6780387],1.0030718
1382,[0.6775751],1.0030665
1383,[0.6771121],1.0030613
1384,[0.6766496],1.0030562
1385,[0.67618793],1.0030509
1386,[0.6757269],1.0030457
1387,[0.6752665],1.0030404
1388,[0.6748066],1.0030353
1389,[0.6743475],1.0030302
1390,[0.6738889],1.003025
1391,[0.67343086],1.0030198
1392,[0.6729734],1.0030148
1393,[0.67251664],1.0030098
1394,[0.67206055],1.0030046
1395,[0.6716049],1.0029995
1396,[0.6711498],1.0029945
1397,[0.67069507],1.0029895
1398,[0.67024106],1.0029843
1399,[0.6697876],1.0029793
1400,[0.6693346],1.0029743
1401,[0.6688821],1.0029693
1402,[0.6684302],1.0029641
1403,[0.6679791],1.0029591
1404,[0.66752875],1.0029541
1405,[0.6670791],1.0029491
1406,[0.66663],1.0029444
1407,[0.66618156],1.0029393
1408,[0.66573393],1.0029347
1409,[0.6652867],1.0029297
1410,[0.66484004],1.0029247
1411,[0.664394],1.0029199
1412,[0.66394836],1.0029151
1413,[0.66350335],1.0029104
1414,[0.663059],1.0029054
1415,[0.66261506],1.0029006
1416,[0.6621715],1.002896
1417,[0.6617286],1.0028912
1418,[0.66128606],1.0028863
1419,[0.660844],1.0028815
1420,[0.6604024],1.0028766
1421,[0.6599612],1.002872
1422,[0.65952057],1.0028672
1423,[0.6590804],1.0028625
1424,[0.65864116],1.0028577
1425,[0.65820223],1.0028529
1426,[0.6577639],1.0028484
1427,[0.6573261],1.0028436
1428,[0.6568888],1.0028389
1429,[0.6564521],1.0028341
1430,[0.656016],1.0028296
1431,[0.65558034],1.002825
1432,[0.6551454],1.0028203
1433,[0.6547109],1.0028157
1434,[0.6542767],1.002811
1435,[0.6538432],1.0028065
1436,[0.6534103],1.0028019
1437,[0.65297794],1.0027974
1438,[0.65254605],1.0027927
1439,[0.65211457],1.0027881
1440,[0.6516833],1.0027834
1441,[0.6512524],1.0027789
1442,[0.65082186],1.0027744
1443,[0.6503917],1.0027698
1444,[0.64996195],1.0027654
1445,[0.64953274],1.0027609
1446,[0.64910424],1.0027564
1447,[0.64867604],1.0027518
1448,[0.64824843],1.0027473
1449,[0.6478212],1.002743
1450,[0.64739424],1.0027385
1451,[0.6469679],1.002734
1452,[0.646542],1.0027297
1453,[0.6461168],1.0027251
1454,[0.6456921],1.0027208
1455,[0.64526784],1.0027164
1456,[0.6448442],1.0027121
1457,[0.644421],1.0027077
1458,[0.643998],1.0027034
1459,[0.6435756],1.0026991
1460,[0.64315367],1.0026948
1461,[0.64273226],1.0026904
1462,[0.64231133],1.0026861
1463,[0.6418908],1.0026819
1464,[0.64147073],1.0026774
1465,[0.641051],1.0026731
1466,[0.64063185],1.0026689
1467,[0.6402131],1.0026646
1468,[0.6397949],1.0026603
1469,[0.6393771],1.002656
1470,[0.63895977],1.0026517
1471,[0.6385428],1.0026474
1472,[0.63812643],1.0026433
1473,[0.63771045],1.002639
1474,[0.6372949],1.002635
1475,[0.63687974],1.0026307
1476,[0.6364651],1.0026267
1477,[0.6360508],1.0026226
1478,[0.6356371],1.0026184
1479,[0.635224],1.0026141
1480,[0.6348113],1.00261
1481,[0.6343992],1.0026058
1482,[0.6339875],1.0026016
1483,[0.6335765],1.0025975
1484,[0.63316596],1.0025935
1485,[0.63275594],1.0025892
1486,[0.6323464],1.0025852
1487,[0.6319375],1.0025811
1488,[0.63152903],1.0025771
1489,[0.63112116],1.002573
1490,[0.630714],1.0025687
1491,[0.6303075],1.0025649
1492,[0.62990147],1.0025609
1493,[0.62949574],1.0025568
1494,[0.62909037],1.0025527
1495,[0.62868553],1.0025487
1496,[0.62828124],1.0025449
1497,[0.6278774],1.0025408
1498,[0.627474],1.0025368
1499,[0.6270712],1.0025328
1500,[0.6266689],1.0025289
1501,[0.6262672],1.002525
1502,[0.6258658],1.0025209
1503,[0.62546504],1.0025169
1504,[0.6250647],1.002513
1505,[0.62466496],1.0025091
1506,[0.6242657],1.0025052
1507,[0.62386686],1.0025014
1508,[0.62346864],1.0024976
1509,[0.6230709],1.0024936
1510,[0.62267363],1.0024897
1511,[0.6222769],1.0024859
1512,[0.62188053],1.0024819
1513,[0.6214849],1.0024781
1514,[0.6210895],1.0024745
1515,[0.6206947],1.0024705
1516,[0.6203003],1.0024669
1517,[0.61990637],1.0024631
1518,[0.619513],1.0024593
1519,[0.61912],1.0024555
1520,[0.61872745],1.0024517
1521,[0.61833537],1.0024478
1522,[0.61794376],1.002444
1523,[0.6175524],1.0024405
1524,[0.61716145],1.0024366
1525,[0.61677086],1.0024328
1526,[0.61638075],1.002429
1527,[0.6159911],1.0024253
1528,[0.615602],1.0024216
1529,[0.6152132],1.0024178
1530,[0.61482495],1.0024141
1531,[0.61443734],1.0024105
1532,[0.6140504],1.0024068
1533,[0.6136638],1.0024031
1534,[0.6132778],1.0023996
1535,[0.61289227],1.002396
1536,[0.6125072],1.0023923
1537,[0.61212254],1.0023887
1538,[0.6117383],1.0023851
1539,[0.6113545],1.0023816
1540,[0.6109711],1.002378
1541,[0.6105881],1.0023744
1542,[0.61020553],1.0023708
1543,[0.6098234],1.0023675
1544,[0.6094417],1.0023639
1545,[0.60906047],1.0023603
1546,[0.60867953],1.0023568
1547,[0.6082993],1.0023532
1548,[0.6079196],1.0023496
1549,[0.6075402],1.0023463
1550,[0.6071612],1.0023427
1551,[0.6067828],1.0023391
1552,[0.60640484],1.0023358
1553,[0.60602736],1.0023324
1554,[0.6056504],1.002329
1555,[0.6052741],1.0023255
1556,[0.60489833],1.0023222
1557,[0.6045228],1.0023187
1558,[0.6041481],1.0023153
1559,[0.6037737],1.002312
1560,[0.6033998],1.0023085
1561,[0.60302633],1.0023052
1562,[0.6026533],1.0023018
1563,[0.60228086],1.0022985
1564,[0.60190886],1.002295
1565,[0.6015373],1.0022917
1566,[0.60116607],1.0022883
1567,[0.6007952],1.002285
1568,[0.60042495],1.0022817
1569,[0.6000551],1.0022783
1570,[0.59968567],1.002275
1571,[0.5993166],1.0022719
1572,[0.5989479],1.0022686
1573,[0.5985795],1.0022652
1574,[0.59821177],1.0022619
1575,[0.59784424],1.0022585
1576,[0.5974771],1.0022554
1577,[0.5971102],1.0022521
1578,[0.59674364],1.0022488
1579,[0.5963775],1.0022457
1580,[0.5960117],1.0022423
1581,[0.5956463],1.002239
1582,[0.59528136],1.0022357
1583,[0.5949168],1.0022326
1584,[0.59455264],1.0022295
1585,[0.5941889],1.0022261
1586,[0.5938255],1.0022229
1587,[0.5934626],1.0022197
1588,[0.5931001],1.0022165
1589,[0.59273785],1.0022132
1590,[0.592376],1.00221
1591,[0.5920145],1.0022067
1592,[0.59165335],1.0022035
1593,[0.5912926],1.0022002
1594,[0.5909324],1.0021971
1595,[0.5905726],1.0021939
1596,[0.5902132],1.0021908
1597,[0.5898543],1.0021877
1598,[0.58949554],1.0021845
1599,[0.58913714],1.0021814
1600,[0.5887792],1.0021783
1601,[0.5884216],1.0021751
1602,[0.5880645],1.002172
1603,[0.58770776],1.0021689
1604,[0.58735156],1.0021658
1605,[0.58699584],1.0021627
1606,[0.5866404],1.0021598
1607,[0.5862855],1.0021567
1608,[0.5859308],1.0021536
1609,[0.5855767],1.0021505
1610,[0.585223],1.0021477
1611,[0.5848697],1.0021446
1612,[0.5845168],1.0021415
1613,[0.5841642],1.0021384
1614,[0.5838122],1.0021353
1615,[0.58346045],1.0021324
1616,[0.5831092],1.0021293
1617,[0.5827583],1.0021265
1618,[0.58240795],1.0021234
1619,[0.5820579],1.0021205
1620,[0.5817081],1.0021176
1621,[0.58135873],1.0021145
1622,[0.5810098],1.0021117
1623,[0.5806612],1.0021088
1624,[0.5803129],1.0021058
1625,[0.57996505],1.002103
1626,[0.5796177],1.0021
1627,[0.57927054],1.0020971
1628,[0.57892376],1.0020941
1629,[0.5785774],1.0020913
1630,[0.5782312],1.0020884
1631,[0.57788545],1.0020856
1632,[0.5775401],1.0020827
1633,[0.5771951],1.0020798
1634,[0.5768503],1.002077
1635,[0.57650584],1.0020741
1636,[0.57616186],1.0020713
1637,[0.5758183],1.0020684
1638,[0.5754752],1.0020655
1639,[0.57513237],1.0020627
1640,[0.57478994],1.0020598
1641,[0.5744479],1.0020571
1642,[0.5741062],1.0020545
1643,[0.573765],1.0020516
1644,[0.5734241],1.0020487
1645,[0.57308364],1.0020459
1646,[0.57274354],1.002043
1647,[0.5724037],1.0020401
1648,[0.5720644],1.0020373
1649,[0.5717253],1.0020347
1650,[0.57138646],1.0020318
1651,[0.5710479],1.0020292
1652,[0.57070976],1.0020263
1653,[0.570372],1.0020235
1654,[0.5700348],1.0020206
1655,[0.5696979],1.002018
1656,[0.56936157],1.0020151
1657,[0.5690254],1.0020125
1658,[0.5686898],1.0020096
1659,[0.5683546],1.002007
1660,[0.5680198],1.0020041
1661,[0.5676854],1.0020015
1662,[0.5673513],1.0019989
1663,[0.56701756],1.001996
1664,[0.5666842],1.0019934
1665,[0.56635106],1.0019908
1666,[0.56601834],1.0019882
1667,[0.5656859],1.0019854
1668,[0.5653539],1.0019827
1669,[0.56502223],1.0019801
1670,[0.5646909],1.0019774
1671,[0.56436],1.0019747
1672,[0.5640294],1.0019721
1673,[0.56369936],1.0019695
1674,[0.56336963],1.0019668
1675,[0.5630404],1.0019642
1676,[0.5627114],1.0019616
1677,[0.5623829],1.001959
1678,[0.56205493],1.0019563
1679,[0.5617273],1.0019537
1680,[0.5613999],1.001951
1681,[0.5610728],1.0019485
1682,[0.5607461],1.0019459
1683,[0.56041974],1.0019432
1684,[0.56009376],1.0019406
1685,[0.5597682],1.0019379
1686,[0.5594429],1.0019352
1687,[0.55911803],1.0019326
1688,[0.55879354],1.00193
1689,[0.5584697],1.0019276
1690,[0.558146],1.001925
1691,[0.5578226],1.0019224
1692,[0.55749977],1.0019197
1693,[0.55717725],1.0019171
1694,[0.556855],1.0019145
1695,[0.5565331],1.0019119
1696,[0.5562115],1.0019093
1697,[0.5558903],1.0019069
1698,[0.5555695],1.0019042
1699,[0.555249],1.0019016
1700,[0.55492884],1.0018992
1701,[0.5546092],1.0018966
1702,[0.5542899],1.001894
1703,[0.553971],1.0018914
1704,[0.55365247],1.001889
1705,[0.5533343],1.0018864
1706,[0.5530167],1.001884
1707,[0.5526994],1.0018814
1708,[0.55238235],1.001879
1709,[0.55206555],1.0018764
1710,[0.55174917],1.0018737
1711,[0.55143315],1.0018712
1712,[0.5511173],1.0018687
1713,[0.550802],1.0018662
1714,[0.55048686],1.0018637
1715,[0.55017227],1.0018612
1716,[0.54985785],1.0018586
1717,[0.5495438],1.0018562
1718,[0.54923016],1.0018536
1719,[0.54891676],1.0018512
1720,[0.5486037],1.0018487
1721,[0.54829085],1.0018462
1722,[0.5479783],1.0018437
1723,[0.54766613],1.0018413
1724,[0.5473541],1.0018388
1725,[0.5470426],1.0018363
1726,[0.5467311],1.0018338
1727,[0.54642016],1.0018314
1728,[0.5461093],1.0018289
1729,[0.5457987],1.0018265
1730,[0.54548854],1.0018241
1731,[0.54517865],1.0018216
1732,[0.54486907],1.0018193
1733,[0.5445597],1.0018169
1734,[0.5442508],1.0018144
1735,[0.5439422],1.001812
1736,[0.5436339],1.0018096
1737,[0.5433259],1.0018072
1738,[0.5430182],1.0018048
1739,[0.5427108],1.0018024
1740,[0.5424038],1.0017998
1741,[0.54209733],1.0017974
1742,[0.541791],1.001795
1743,[0.541485],1.0017927
1744,[0.54117936],1.0017903
1745,[0.54087406],1.0017879
1746,[0.540569],1.0017855
1747,[0.5402641],1.0017834
1748,[0.5399596],1.001781
1749,[0.53965545],1.0017786
1750,[0.5393516],1.0017765
1751,[0.53904796],1.0017741
1752,[0.5387447],1.0017715
1753,[0.53844154],1.0017693
1754,[0.5381387],1.0017669
1755,[0.53783625],1.0017645
1756,[0.5375342],1.0017622
1757,[0.5372322],1.00176
1758,[0.53693056],1.0017576
1759,[0.5366292],1.0017552
1760,[0.53632814],1.0017529
1761,[0.53602743],1.0017507
1762,[0.535727],1.0017483
1763,[0.535427],1.0017459
1764,[0.5351271],1.0017438
1765,[0.5348277],1.0017414
1766,[0.5345286],1.001739
1767,[0.53423],1.0017368
1768,[0.5339317],1.0017345
1769,[0.5336336],1.0017322
1770,[0.53333586],1.0017298
1771,[0.53303885],1.0017276
1772,[0.532742],1.0017254
1773,[0.53244525],1.001723
1774,[0.53214866],1.0017208
1775,[0.5318527],1.0017185
1776,[0.531557],1.0017163
1777,[0.5312616],1.0017141
1778,[0.5309666],1.0017117
1779,[0.53067183],1.0017095
1780,[0.53037727],1.0017073
1781,[0.53008306],1.0017049
1782,[0.5297892],1.0017027
1783,[0.52949566],1.0017004
1784,[0.5292025],1.0016981
1785,[0.5289098],1.001696
1786,[0.52861726],1.0016938
1787,[0.5283251],1.0016915
1788,[0.5280331],1.0016893
1789,[0.52774143],1.0016872
1790,[0.52744997],1.001685
1791,[0.52715886],1.0016829
1792,[0.5268679],1.0016807
1793,[0.52657735],1.0016785
1794,[0.52628714],1.0016764
1795,[0.52599704],1.0016742
1796,[0.52570736],1.001672
1797,[0.5254179],1.0016698
1798,[0.52512866],1.0016676
1799,[0.52483964],1.0016656
1800,[0.5245509],1.0016634
1801,[0.52426237],1.0016613
1802,[0.5239742],1.0016592
1803,[0.5236863],1.001657
1804,[0.52339834],1.0016549
1805,[0.52311075],1.0016527
1806,[0.5228237],1.0016506
1807,[0.52253664],1.0016484
1808,[0.52225006],1.0016463
1809,[0.5219638],1.0016444
1810,[0.5216778],1.0016422
1811,[0.52139205],1.0016401
1812,[0.5211066],1.0016379
1813,[0.52082163],1.0016358
1814,[0.52053684],1.0016339
1815,[0.5202524],1.0016317
1816,[0.5199682],1.0016296
1817,[0.51968443],1.0016274
1818,[0.51940084],1.0016255
1819,[0.51911765],1.0016234
1820,[0.5188347],1.0016215
1821,[0.5185521],1.0016193
1822,[0.5182699],1.0016172
1823,[0.51798785],1.0016153
1824,[0.517706],1.0016131
1825,[0.51742446],1.0016112
1826,[0.51714337],1.0016091
1827,[0.51686233],1.0016072
1828,[0.51658165],1.0016053
1829,[0.5163013],1.0016031
1830,[0.51602125],1.0016012
1831,[0.5157414],1.0015991
1832,[0.5154618],1.0015972
1833,[0.51518255],1.001595
1834,[0.51490366],1.0015931
1835,[0.5146251],1.0015912
1836,[0.5143466],1.0015892
1837,[0.51406854],1.0015872
1838,[0.51379067],1.0015852
1839,[0.513513],1.0015832
1840,[0.5132356],1.0015813
1841,[0.5129586],1.0015794
1842,[0.5126821],1.0015774
1843,[0.51240563],1.0015755
1844,[0.51212955],1.0015734
1845,[0.51185346],1.0015714
1846,[0.51157755],1.0015695
1847,[0.5113021],1.0015676
1848,[0.5110271],1.0015657
1849,[0.51075244],1.0015638
1850,[0.5104779],1.0015619
1851,[0.5102037],1.00156
1852,[0.5099299],1.0015578
1853,[0.5096565],1.0015559
1854,[0.5093833],1.001554
1855,[0.50911057],1.0015521
1856,[0.508838],1.0015502
1857,[0.50856566],1.0015483
1858,[0.5082936],1.0015464
1859,[0.5080218],1.0015445
1860,[0.5077502],1.0015424
1861,[0.50747883],1.0015405
1862,[0.5072077],1.0015386
1863,[0.5069368],1.0015367
1864,[0.5066662],1.0015348
1865,[0.506396],1.0015329
1866,[0.5061259],1.001531
1867,[0.5058563],1.0015291
1868,[0.5055869],1.0015272
1869,[0.5053176],1.0015253
1870,[0.50504845],1.0015234
1871,[0.5047796],1.0015216
1872,[0.504511],1.0015196
1873,[0.50424254],1.0015178
1874,[0.50397444],1.0015159
1875,[0.5037067],1.001514
1876,[0.50343925],1.0015123
1877,[0.50317174],1.0015104
1878,[0.50290453],1.0015085
1879,[0.5026376],1.0015066
1880,[0.502371],1.0015047
1881,[0.5021047],1.0015028
1882,[0.50183856],1.0015008
1883,[0.5015726],1.0014992
1884,[0.501307],1.0014973
1885,[0.50104177],1.0014954
1886,[0.5007766],1.0014935
1887,[0.50051165],1.0014915
1888,[0.500247],1.0014896
1889,[0.49998266],1.0014877
1890,[0.49971855],1.0014861
1891,[0.4994548],1.0014842
1892,[0.4991913],1.0014825
1893,[0.49892807],1.0014806
1894,[0.49866503],1.0014787
1895,[0.4984023],1.001477
1896,[0.4981399],1.0014751
1897,[0.49787766],1.0014732
1898,[0.49761578],1.0014715
1899,[0.49735418],1.0014696
1900,[0.49709302],1.001468
1901,[0.4968322],1.001466
1902,[0.49657124],1.0014644
1903,[0.49631035],1.0014627
1904,[0.4960497],1.0014608
1905,[0.49578953],1.0014591
1906,[0.4955295],1.0014572
1907,[0.49526992],1.0014555
1908,[0.49501026],1.0014536
1909,[0.49475095],1.001452
1910,[0.49449208],1.0014501
1911,[0.49423376],1.0014484
1912,[0.4939751],1.0014467
1913,[0.4937169],1.001445
1914,[0.49345896],1.0014431
1915,[0.49320114],1.0014415
1916,[0.49294388],1.0014398
1917,[0.4926867],1.0014379
1918,[0.49242973],1.0014362
1919,[0.49217296],1.0014346
1920,[0.4919163],1.0014328
1921,[0.49166],1.001431
1922,[0.49140385],1.0014293
1923,[0.49114805],1.0014275
1924,[0.49089253],1.0014259
1925,[0.4906373],1.0014242
1926,[0.4903822],1.0014225
1927,[0.49012735],1.0014206
1928,[0.48987263],1.001419
1929,[0.48961797],1.0014173
1930,[0.48936373],1.0014155
1931,[0.4891098],1.0014138
1932,[0.488856],1.001412
1933,[0.4886024],1.0014104
1934,[0.48834923],1.0014087
1935,[0.4880966],1.001407
1936,[0.4878441],1.0014054
1937,[0.48759198],1.0014037
1938,[0.48733968],1.001402
1939,[0.48708785],1.0014004
1940,[0.4868366],1.0013987
1941,[0.48658556],1.001397
1942,[0.48633468],1.0013953
1943,[0.48608416],1.0013937
1944,[0.48583376],1.0013921
1945,[0.48558336],1.0013905
1946,[0.48533344],1.0013888
1947,[0.4850838],1.0013871
1948,[0.4848345],1.0013856
1949,[0.4845855],1.0013839
1950,[0.4843365],1.0013824
1951,[0.48408726],1.0013807
1952,[0.48383874],1.001379
1953,[0.48359057],1.0013775
1954,[0.48334244],1.0013759
1955,[0.48309457],1.0013744
1956,[0.48284677],1.0013728
1957,[0.48259923],1.0013711
1958,[0.4823522],1.0013696
1959,[0.4821056],1.001368
1960,[0.48185915],1.0013665
1961,[0.48161307],1.0013648
1962,[0.48136687],1.0013633
1963,[0.481121],1.0013617
1964,[0.48087546],1.00136
1965,[0.48063028],1.0013585
1966,[0.48038518],1.0013568
1967,[0.48014057],1.0013554
1968,[0.4798963],1.0013537
1969,[0.479652],1.0013522
1970,[0.4794079],1.0013508
1971,[0.4791643],1.0013492
1972,[0.47892094],1.0013475
1973,[0.4786778],1.0013461
1974,[0.47843492],1.0013447
1975,[0.47819227],1.001343
1976,[0.47794977],1.0013416
1977,[0.47770736],1.0013399
1978,[0.47746518],1.0013385
1979,[0.47722352],1.0013368
1980,[0.47698218],1.0013354
1981,[0.4767407],1.0013337
1982,[0.47649974],1.0013323
1983,[0.47625914],1.0013306
1984,[0.47601828],1.0013292
1985,[0.4757779],1.0013275
1986,[0.47553787],1.0013261
1987,[0.47529805],1.0013244
1988,[0.47505838],1.001323
1989,[0.47481912],1.0013216
1990,[0.47458002],1.0013199
1991,[0.47434112],1.0013185
1992,[0.47410277],1.0013168
1993,[0.47386461],1.0013154
1994,[0.47362638],1.0013137
1995,[0.47338837],1.0013123
1996,[0.47315052],1.0013108
1997,[0.47291327],1.0013094
1998,[0.4726763],1.0013077
1999,[0.4724393],1.0013063
2000,[0.47220248],1.0013049
2001,[0.4719661],1.0013032
2002,[0.47173],1.0013018
2003,[0.47149432],1.0013003
2004,[0.47125828],1.0012989
2005,[0.47102264],1.0012975
2006,[0.4707872],1.001296
2007,[0.47055212],1.0012944
2008,[0.4703174],1.001293
2009,[0.47008285],1.0012915
2010,[0.46984854],1.0012901
2011,[0.46961436],1.0012884
2012,[0.46938038],1.001287
2013,[0.46914664],1.0012856
2014,[0.46891317],1.0012841
2015,[0.46868002],1.0012827
2016,[0.4684471],1.001281
2017,[0.46821427],1.0012796
2018,[0.4679821],1.0012782
2019,[0.4677505],1.0012767
2020,[0.4675181],1.0012753
2021,[0.46728605],1.0012739
2022,[0.46705434],1.0012724
2023,[0.46682316],1.001271
2024,[0.46659213],1.0012696
2025,[0.46636108],1.0012681
2026,[0.4661303],1.0012667
2027,[0.46589968],1.0012653
2028,[0.46566933],1.0012639
2029,[0.46543962],1.0012624
2030,[0.46521002],1.0012612
2031,[0.46498024],1.0012598
2032,[0.4647508],1.0012584
2033,[0.46452168],1.001257
2034,[0.4642928],1.0012555
2035,[0.4640644],1.0012541
2036,[0.46383625],1.0012528
2037,[0.46360826],1.0012513
2038,[0.46338034],1.00125
2039,[0.46315235],1.0012486
2040,[0.46292496],1.0012473
2041,[0.4626979],1.0012459
2042,[0.4624709],1.0012444
2043,[0.46224442],1.0012431
2044,[0.46201837],1.0012418
2045,[0.46179217],1.0012404
2046,[0.46156606],1.0012391
2047,[0.4613402],1.0012376
2048,[0.46111476],1.0012362
2049,[0.46088973],1.0012349
2050,[0.4606644],1.0012335
2051,[0.46043912],1.0012321
2052,[0.4602143],1.0012308
2053,[0.45999005],1.0012294
2054,[0.45976603],1.001228
2055,[0.4595421],1.0012265
2056,[0.459318],1.0012252
2057,[0.45909426],1.001224
2058,[0.45887107],1.0012225
2059,[0.458648],1.0012212
2060,[0.45842516],1.0012199
2061,[0.45820224],1.0012184
2062,[0.45797935],1.0012171
2063,[0.457757],1.0012158
2064,[0.45753497],1.0012144
2065,[0.45731303],1.001213
2066,[0.4570914],1.0012116
2067,[0.4568699],1.0012103
2068,[0.45664832],1.001209
2069,[0.45642716],1.0012076
2070,[0.4562063],1.0012063
2071,[0.45598552],1.001205
2072,[0.4557651],1.0012037
2073,[0.45554495],1.0012022
2074,[0.45532513],1.0012009
2075,[0.45510525],1.0011996
2076,[0.45488527],1.0011983
2077,[0.45466557],1.0011969
2078,[0.45444626],1.0011955
2079,[0.4542272],1.0011942
2080,[0.45400858],1.0011929
2081,[0.4537898],1.0011915
2082,[0.45357078],1.0011903
2083,[0.4533522],1.001189
2084,[0.4531341],1.0011877
2085,[0.45291626],1.0011863
2086,[0.45269832],1.001185
2087,[0.45248076],1.0011836
2088,[0.45226353],1.0011824
2089,[0.45204622],1.001181
2090,[0.45182914],1.0011797
2091,[0.45161247],1.0011784
2092,[0.4513957],1.0011771
2093,[0.45117906],1.0011758
2094,[0.45096284],1.0011744
2095,[0.45074677],1.0011731
2096,[0.4505308],1.0011718
2097,[0.45031518],1.0011706
2098,[0.45009953],1.0011692
2099,[0.44988397],1.0011679
2100,[0.4496685],1.0011666
2101,[0.44945347],1.0011653
2102,[0.44923878],1.0011641
2103,[0.44902414],1.0011628
2104,[0.4488098],1.0011615
2105,[0.44859576],1.0011601
2106,[0.4483821],1.001159
2107,[0.44816846],1.0011575
2108,[0.44795457],1.0011563
2109,[0.44774097],1.0011551
2110,[0.4475279],1.0011537
2111,[0.44731507],1.0011525
2112,[0.44710213],1.0011511
2113,[0.44688964],1.0011499
2114,[0.44667724],1.0011487
2115,[0.44646513],1.0011473
2116,[0.44625315],1.0011461
2117,[0.44604135],1.0011449
2118,[0.44582975],1.0011435
2119,[0.4456182],1.0011423
2120,[0.44540703],1.0011411
2121,[0.44519606],1.0011396
2122,[0.44498536],1.0011384
2123,[0.44477475],1.0011373
2124,[0.44456434],1.0011358
2125,[0.44435394],1.0011346
2126,[0.44414368],1.0011334
2127,[0.44393367],1.0011322
2128,[0.44372398],1.0011308
2129,[0.44351432],1.0011296
2130,[0.443305],1.0011284
2131,[0.44309595],1.0011272
2132,[0.44288692],1.0011258
2133,[0.44267812],1.0011246
2134,[0.4424693],1.0011234
2135,[0.44226065],1.0011222
2136,[0.4420522],1.0011208
2137,[0.44184387],1.0011196
2138,[0.4416359],1.0011184
2139,[0.44142812],1.0011172
2140,[0.44122052],1.001116
2141,[0.44101304],1.0011148
2142,[0.44080582],1.0011137
2143,[0.4405985],1.0011125
2144,[0.44039118],1.001111
2145,[0.44018415],1.0011098
2146,[0.43997744],1.0011086
2147,[0.43977094],1.0011075
2148,[0.4395647],1.0011063
2149,[0.43935856],1.0011051
2150,[0.43915233],1.0011039
2151,[0.43894625],1.0011027
2152,[0.4387403],1.0011015
2153,[0.4385346],1.0011003
2154,[0.43832916],1.0010991
2155,[0.43812397],1.0010979
2156,[0.4379193],1.0010967
2157,[0.43771434],1.0010953
2158,[0.43750912],1.0010943
2159,[0.43730426],1.0010931
2160,[0.4370998],1.001092
2161,[0.43689588],1.0010908
2162,[0.43669203],1.0010896
2163,[0.4364879],1.0010884
2164,[0.4362838],1.0010872
2165,[0.43608016],1.001086
2166,[0.43587703],1.0010848
2167,[0.43567395],1.0010839
2168,[0.435471],1.0010827
2169,[0.43526804],1.0010815
2170,[0.43506527],1.0010803
2171,[0.43486282],1.0010791
2172,[0.43466055],1.0010779
2173,[0.43445858],1.0010769
2174,[0.43425676],1.0010757
2175,[0.43405527],1.0010746
2176,[0.43385378],1.0010734
2177,[0.43365195],1.0010722
2178,[0.43345073],1.0010712
2179,[0.43324965],1.00107
2180,[0.4330489],1.0010688
2181,[0.4328487],1.0010679
2182,[0.43264812],1.0010667
2183,[0.43244755],1.0010655
2184,[0.43224716],1.0010643
2185,[0.43204704],1.0010631
2186,[0.43184748],1.0010622
2187,[0.43164805],1.001061
2188,[0.43144816],1.0010598
2189,[0.43124864],1.0010588
2190,[0.43104938],1.0010576
2191,[0.43085012],1.0010564
2192,[0.43065116],1.0010552
2193,[0.4304524],1.0010543
2194,[0.430254],1.0010532
2195,[0.43005556],1.001052
2196,[0.42985722],1.0010508
2197,[0.42965892],1.0010498
2198,[0.4294608],1.0010487
2199,[0.42926285],1.0010476
2200,[0.42906526],1.0010464
2201,[0.42886734],1.0010453
2202,[0.42867],1.0010443
2203,[0.42847311],1.0010431
2204,[0.42827618],1.001042
2205,[0.42807907],1.0010409
2206,[0.42788175],1.0010399
2207,[0.42768508],1.0010388
2208,[0.42748877],1.0010376
2209,[0.4272923],1.0010365
2210,[0.4270959],1.0010355
2211,[0.4268997],1.0010343
2212,[0.42670375],1.0010333
2213,[0.42650804],1.0010322
2214,[0.42631242],1.0010312
2215,[0.4261168],1.0010301
2216,[0.42592132],1.0010289
2217,[0.425726],1.0010278
2218,[0.4255311],1.0010267
2219,[0.42533624],1.0010256
2220,[0.42514154],1.0010246
2221,[0.42494702],1.0010234
2222,[0.42475262],1.0010225
2223,[0.4245584],1.0010213
2224,[0.42436442],1.0010202
2225,[0.42417067],1.0010191
2226,[0.42397705],1.001018
2227,[0.42378366],1.001017
2228,[0.42359],1.0010159
2229,[0.42339647],1.0010148
2230,[0.42320326],1.0010138
2231,[0.42301047],1.0010127
2232,[0.422818],1.0010116
2233,[0.42262563],1.0010104
2234,[0.42243314],1.0010095
2235,[0.42224067],1.0010083
2236,[0.42204863],1.0010073
2237,[0.42185676],1.0010061
2238,[0.4216652],1.0010052
2239,[0.4214738],1.001004
2240,[0.4212823],1.001003
2241,[0.4210912],1.0010018
2242,[0.42090034],1.0010009
2243,[0.42070943],1.0009997
2244,[0.42051852],1.0009987
2245,[0.4203278],1.0009977
2246,[0.42013735],1.0009966
2247,[0.41994706],1.0009956
2248,[0.41975695],1.0009946
2249,[0.4195672],1.0009935
2250,[0.41937757],1.0009924
2251,[0.41918835],1.0009915
2252,[0.41899964],1.0009905
2253,[0.41881037],1.0009894
2254,[0.41862068],1.0009884
2255,[0.41843155],1.0009874
2256,[0.41824272],1.0009863
2257,[0.41805452],1.0009854
2258,[0.41786635],1.0009844
2259,[0.41767767],1.0009832
2260,[0.4174892],1.0009823
2261,[0.41730118],1.0009813
2262,[0.41711366],1.0009803
2263,[0.4169263],1.0009793
2264,[0.41673872],1.0009784
2265,[0.41655117],1.0009773
2266,[0.4163639],1.0009763
2267,[0.4161768],1.0009753
2268,[0.41599002],1.0009742
2269,[0.4158036],1.0009732
2270,[0.41561723],1.0009723
2271,[0.415431],1.0009713
2272,[0.4152444],1.0009702
2273,[0.41505808],1.0009692
2274,[0.41487178],1.0009682
2275,[0.4146859],1.0009673
2276,[0.41450042],1.0009662
2277,[0.4143149],1.0009652
2278,[0.41412947],1.0009643
2279,[0.41394427],1.0009633
2280,[0.41375953],1.0009623
2281,[0.4135748],1.0009613
2282,[0.41338974],1.0009602
2283,[0.413205],1.0009593
2284,[0.41302046],1.0009582
2285,[0.41283613],1.0009573
2286,[0.41265208],1.0009563
2287,[0.41246817],1.0009553
2288,[0.4122842],1.0009543
2289,[0.41209996],1.0009532
2290,[0.4119161],1.0009522
2291,[0.4117328],1.0009513
2292,[0.41154942],1.0009502
2293,[0.41136643],1.0009493
2294,[0.41118354],1.0009483
2295,[0.4110009],1.0009474
2296,[0.41081837],1.0009464
2297,[0.41063574],1.0009454
2298,[0.41045323],1.0009444
2299,[0.41027117],1.0009434
2300,[0.41008937],1.0009425
2301,[0.40990752],1.0009415
2302,[0.409726],1.0009406
2303,[0.4095445],1.0009396
2304,[0.40936357],1.0009387
2305,[0.40918243],1.0009377
2306,[0.40900138],1.0009367
2307,[0.40882057],1.0009357
2308,[0.40863988],1.0009347
2309,[0.40845913],1.0009339
2310,[0.4082787],1.0009329
2311,[0.4080987],1.000932
2312,[0.4079186],1.000931
2313,[0.40773898],1.0009301
2314,[0.4075598],1.0009291
2315,[0.4073803],1.0009282
2316,[0.4072003],1.0009272
2317,[0.40702087],1.0009263
2318,[0.40684196],1.0009253
2319,[0.4066632],1.0009243
2320,[0.40648445],1.0009234
2321,[0.4063061],1.0009224
2322,[0.40612748],1.0009215
2323,[0.40594897],1.0009205
2324,[0.4057709],1.0009196
2325,[0.40559292],1.0009186
2326,[0.40541512],1.0009177
2327,[0.40523762],1.0009167
2328,[0.4050601],1.0009158
2329,[0.40488288],1.0009148
2330,[0.40470546],1.0009139
2331,[0.4045282],1.0009129
2332,[0.40435123],1.000912
2333,[0.4041749],1.000911
2334,[0.40399855],1.0009103
2335,[0.40382186],1.0009093
2336,[0.40364504],1.0009084
2337,[0.4034686],1.0009074
2338,[0.40329236],1.0009065
2339,[0.4031167],1.0009055
2340,[0.40294093],1.0009046
2341,[0.40276536],1.0009036
2342,[0.40259007],1.0009027
2343,[0.40241474],1.0009017
2344,[0.4022395],1.000901
2345,[0.40206453],1.0009
2346,[0.40188953],1.0008991
2347,[0.40171477],1.0008981
2348,[0.40154046],1.0008972
2349,[0.4013664],1.0008962
2350,[0.4011925],1.0008955
2351,[0.40101838],1.0008945
2352,[0.40084425],1.0008936
2353,[0.40066987],1.0008926
2354,[0.40049616],1.0008917
2355,[0.40032288],1.0008907
2356,[0.40014982],1.0008898
2357,[0.39997667],1.0008891
2358,[0.3998036],1.0008881
2359,[0.39963013],1.0008872
2360,[0.39945728],1.0008864
2361,[0.39928478],1.0008855
2362,[0.39911222],1.0008845
2363,[0.39894012],1.0008836
2364,[0.39876798],1.0008826
2365,[0.39859563],1.0008819
2366,[0.39842367],1.000881
2367,[0.3982519],1.00088
2368,[0.39808026],1.0008793
2369,[0.39790857],1.0008783
2370,[0.3977371],1.0008774
2371,[0.3975657],1.0008764
2372,[0.3973948],1.0008755
2373,[0.397224],1.0008748
2374,[0.3970533],1.0008738
2375,[0.39688304],1.0008729
2376,[0.39671227],1.0008719
2377,[0.3965411],1.0008712
2378,[0.39637047],1.0008702
2379,[0.39620036],1.0008693
2380,[0.39603072],1.0008686
2381,[0.39586088],1.0008676
2382,[0.39569056],1.0008669
2383,[0.39552018],1.0008659
2384,[0.39535066],1.000865
2385,[0.3951818],1.000864
2386,[0.39501223],1.0008631
2387,[0.39484283],1.0008624
2388,[0.39467335],1.0008614
2389,[0.39450425],1.0008607
2390,[0.39433557],1.0008597
2391,[0.39416707],1.0008588
2392,[0.3939984],1.0008581
2393,[0.39382976],1.0008571
2394,[0.39366135],1.0008562
2395,[0.39349318],1.0008554
2396,[0.3933252],1.0008545
2397,[0.39315742],1.0008538
2398,[0.39298975],1.0008528
2399,[0.39282227],1.0008521
2400,[0.39265504],1.0008512
2401,[0.39248753],1.0008502
2402,[0.3923202],1.0008495
2403,[0.39215258],1.0008485
2404,[0.39198542],1.0008476
2405,[0.39181885],1.0008469
2406,[0.39165238],1.0008461
2407,[0.39148572],1.0008452
2408,[0.39131892],1.0008445
2409,[0.3911521],1.0008435
2410,[0.3909857],1.0008426
2411,[0.39081946],1.0008419
2412,[0.3906533],1.0008409
2413,[0.39048767],1.0008402
2414,[0.39032197],1.0008392
2415,[0.3901563],1.0008385
2416,[0.3899907],1.0008376
2417,[0.38982478],1.0008368
2418,[0.38965917],1.0008359
2419,[0.38949412],1.0008352
2420,[0.38932908],1.0008342
2421,[0.3891644],1.0008335
2422,[0.38899973],1.0008326
2423,[0.38883498],1.0008318
2424,[0.38866997],1.0008309
2425,[0.38850516],1.0008302
2426,[0.388341],1.0008295
2427,[0.38817686],1.0008285
2428,[0.38801256],1.0008278
2429,[0.38784835],1.0008268
2430,[0.38768446],1.0008261
2431,[0.38752082],1.0008254
2432,[0.387357],1.0008245
2433,[0.38719302],1.0008237
2434,[0.38702944],1.0008228
2435,[0.38686627],1.0008221
2436,[0.38670313],1.0008211
2437,[0.38653994],1.0008204
2438,[0.3863769],1.0008197
2439,[0.3862142],1.0008187
2440,[0.3860513],1.000818
2441,[0.3858884],1.0008171
2442,[0.38572583],1.0008163
2443,[0.38556334],1.0008156
2444,[0.3854012],1.0008147
2445,[0.38523978],1.000814
2446,[0.38507795],1.000813
2447,[0.3849155],1.0008123
2448,[0.38475335],1.0008116
2449,[0.38459143],1.0008106
2450,[0.38442954],1.0008099
2451,[0.38426816],1.0008092
2452,[0.38410676],1.0008082
2453,[0.38394564],1.0008075
2454,[0.383785],1.0008066
2455,[0.38362378],1.0008059
2456,[0.38346246],1.0008051
2457,[0.38330138],1.0008042
2458,[0.38314062],1.0008035
2459,[0.3829801],1.0008028
2460,[0.3828198],1.000802
2461,[0.38265982],1.0008011
2462,[0.38249946],1.0008004
2463,[0.38233942],1.0007997
2464,[0.382179],1.0007987
2465,[0.3820186],1.000798
2466,[0.3818588],1.0007973
2467,[0.3816991],1.0007963
2468,[0.38153964],1.0007956
2469,[0.38138056],1.0007949
2470,[0.38122115],1.0007942
2471,[0.38106152],1.0007935
2472,[0.38090223],1.0007926
2473,[0.38074315],1.0007919
2474,[0.38058415],1.0007911
2475,[0.38042533],1.0007902
2476,[0.3802666],1.0007895
2477,[0.38010815],1.0007888
2478,[0.37995017],1.000788
2479,[0.3797927],1.0007873
2480,[0.37963444],1.0007865
2481,[0.37947565],1.0007857
2482,[0.37931722],1.000785
2483,[0.37915933],1.0007842
2484,[0.37900215],1.0007834
2485,[0.37884492],1.0007827
2486,[0.37868688],1.0007819
2487,[0.37852898],1.0007812
2488,[0.37837166],1.0007803
2489,[0.37821472],1.0007796
2490,[0.37805805],1.0007789
2491,[0.3779011],1.0007782
2492,[0.3777437],1.0007775
2493,[0.37758684],1.0007766
2494,[0.37743044],1.0007758
2495,[0.37727398],1.0007751
2496,[0.37711757],1.0007744
2497,[0.376961],1.0007735
2498,[0.37680495],1.0007728
2499,[0.37664944],1.000772
2500,[0.37649384],1.0007713
2501,[0.3763384],1.0007706
2502,[0.37618268],1.0007699
2503,[0.37602663],1.000769
2504,[0.37587118],1.0007683
2505,[0.37571603],1.0007676
2506,[0.37556106],1.0007668
2507,[0.37540635],1.000766
2508,[0.37525132],1.0007652
2509,[0.37509623],1.0007645
2510,[0.3749417],1.0007638
2511,[0.37478727],1.000763
2512,[0.37463278],1.0007623
2513,[0.37447867],1.0007616
2514,[0.3743247],1.0007609
2515,[0.37417108],1.0007601
2516,[0.37401703],1.0007592
2517,[0.37386307],1.0007585
2518,[0.37370944],1.0007578
2519,[0.37355554],1.0007571
2520,[0.37340182],1.0007564
2521,[0.37324858],1.0007555
2522,[0.37309575],1.0007548
2523,[0.37294266],1.0007541
2524,[0.37278953],1.0007533
2525,[0.37263635],1.0007526
2526,[0.37248316],1.0007519
2527,[0.37233046],1.0007511
2528,[0.37217784],1.0007504
2529,[0.3720254],1.0007497
2530,[0.37187308],1.000749
2531,[0.37172124],1.0007483
2532,[0.37156916],1.0007476
2533,[0.37141687],1.0007468
2534,[0.37126464],1.0007461
2535,[0.37111259],1.0007454
2536,[0.37096065],1.0007448
2537,[0.3708092],1.000744
2538,[0.37065843],1.0007433
2539,[0.37050742],1.0007427
2540,[0.37035576],1.000742
2541,[0.3702039],1.0007412
2542,[0.370053],1.0007405
2543,[0.3699026],1.0007398
2544,[0.36975184],1.0007391
2545,[0.36960056],1.0007384
2546,[0.36944962],1.0007377
2547,[0.36929932],1.0007371
2548,[0.36914912],1.0007364
2549,[0.36899897],1.0007356
2550,[0.3688485],1.0007349
2551,[0.368698],1.0007342
2552,[0.36854783],1.0007334
2553,[0.36839768],1.0007328
2554,[0.36824784],1.0007321
2555,[0.36809835],1.0007312
2556,[0.36794844],1.0007306
2557,[0.3677989],1.0007299
2558,[0.36764932],1.0007292
2559,[0.3674997],1.0007285
2560,[0.3673504],1.0007278
2561,[0.36720133],1.0007272
2562,[0.3670522],1.0007265
2563,[0.36690322],1.0007259
2564,[0.36675462],1.000725
2565,[0.36660582],1.0007243
2566,[0.36645737],1.0007237
2567,[0.36630943],1.0007229
2568,[0.366161],1.0007223
2569,[0.36601204],1.0007216
2570,[0.36586344],1.0007209
2571,[0.36571532],1.0007201
2572,[0.36556762],1.0007194
2573,[0.36542007],1.0007188
2574,[0.36527228],1.0007181
2575,[0.3651243],1.0007175
2576,[0.3649763],1.0007167
2577,[0.3648285],1.0007161
2578,[0.3646812],1.0007154
2579,[0.36453393],1.0007147
2580,[0.36438707],1.000714
2581,[0.36423987],1.0007133
2582,[0.36409235],1.0007126
2583,[0.36394525],1.000712
2584,[0.3637986],1.0007113
2585,[0.363652],1.0007106
2586,[0.36350608],1.0007099
2587,[0.36335927],1.0007093
2588,[0.36321267],1.0007086
2589,[0.36306655],1.000708
2590,[0.36292037],1.0007071
2591,[0.36277446],1.0007066
2592,[0.3626287],1.000706
2593,[0.36248335],1.0007052
2594,[0.36233842],1.0007046
2595,[0.36219296],1.0007039
2596,[0.36204702],1.0007032
2597,[0.36190152],1.0007026
2598,[0.36175656],1.0007019
2599,[0.361612],1.0007013
2600,[0.36146748],1.0007006
2601,[0.36132288],1.0007001
2602,[0.36117795],1.0006994
2603,[0.36103302],1.0006987
2604,[0.3608884],1.0006981
2605,[0.36074397],1.0006974
2606,[0.3606001],1.0006967
2607,[0.36045676],1.0006961
2608,[0.36031383],1.0006953
2609,[0.36017022],1.0006948
2610,[0.36002606],1.0006942
2611,[0.35988235],1.0006933
2612,[0.35973877],1.0006928
2613,[0.35959536],1.0006921
2614,[0.35945237],1.0006914
2615,[0.35930988],1.0006908
2616,[0.35916698],1.0006902
2617,[0.35902372],1.0006895
2618,[0.3588806],1.0006888
2619,[0.35873836],1.0006883
2620,[0.3585958],1.0006876
2621,[0.35845315],1.0006869
2622,[0.3583112],1.0006863
2623,[0.3581693],1.0006857
2624,[0.3580271],1.000685
2625,[0.35788485],1.0006844
2626,[0.3577429],1.0006838
2627,[0.3576009],1.0006831
2628,[0.35745895],1.0006824
2629,[0.3573173],1.0006819
2630,[0.35717583],1.0006812
2631,[0.35703486],1.0006804
2632,[0.35689408],1.00068
2633,[0.35675347],1.0006793
2634,[0.3566119],1.0006787
2635,[0.35647058],1.0006781
2636,[0.35632956],1.0006773
2637,[0.35618865],1.0006768
2638,[0.3560481],1.0006762
2639,[0.35590795],1.0006754
2640,[0.35576794],1.0006748
2641,[0.35562807],1.0006741
2642,[0.35548747],1.0006735
2643,[0.35534686],1.0006729
2644,[0.35520664],1.0006723
2645,[0.35506707],1.0006717
2646,[0.35492787],1.000671
2647,[0.35478866],1.0006704
2648,[0.35464916],1.0006698
2649,[0.35450926],1.0006692
2650,[0.35436988],1.0006685
2651,[0.35423052],1.0006679
2652,[0.3540914],1.0006673
2653,[0.35395235],1.0006666
2654,[0.35381353],1.0006661
2655,[0.35367495],1.0006654
2656,[0.35353684],1.0006648
2657,[0.35339874],1.0006642
2658,[0.35325947],1.0006636
2659,[0.35312045],1.000663
2660,[0.35298184],1.0006623
2661,[0.35284352],1.0006617
2662,[0.35270545],1.0006611
2663,[0.35256732],1.0006605
2664,[0.35242987],1.00066
2665,[0.35229242],1.0006595
2666,[0.35215372],1.0006588
2667,[0.35201517],1.0006582
2668,[0.35187745],1.0006576
2669,[0.35173988],1.0006568
2670,[0.3516025],1.0006564
2671,[0.35146517],1.0006557
2672,[0.35132796],1.0006552
2673,[0.351191],1.0006546
2674,[0.3510545],1.000654
2675,[0.35091695],1.0006534
2676,[0.35077932],1.0006528
2677,[0.35064238],1.0006522
2678,[0.3505059],1.0006517
2679,[0.3503692],1.000651
2680,[0.3502323],1.0006505
2681,[0.35009554],1.0006498
2682,[0.3499593],1.0006493
2683,[0.3498237],1.0006486
2684,[0.349688],1.0006481
2685,[0.34955198],1.0006475
2686,[0.34941593],1.000647
2687,[0.349279],1.0006464
2688,[0.3491428],1.0006458
2689,[0.34900746],1.0006452
2690,[0.34887195],1.0006447
2691,[0.34873658],1.000644
2692,[0.34860104],1.0006434
2693,[0.3484651],1.0006429
2694,[0.34832966],1.0006423
2695,[0.34819487],1.0006417
2696,[0.34805965],1.0006411
2697,[0.3479244],1.0006405
2698,[0.34778965],1.0006399
2699,[0.347655],1.0006394
2700,[0.34752035],1.0006388
2701,[0.34738597],1.0006381
2702,[0.34725174],1.0006377
2703,[0.3471181],1.0006372
2704,[0.34698343],1.0006365
2705,[0.34684873],1.000636
2706,[0.34671417],1.0006354
2707,[0.3465798],1.0006348
2708,[0.34644613],1.0006342
2709,[0.34631267],1.0006336
2710,[0.34617943],1.000633
2711,[0.3460457],1.0006324
2712,[0.34591165],1.0006318
2713,[0.3457777],1.0006313
2714,[0.3456444],1.0006309
2715,[0.34551114],1.0006301
2716,[0.34537798],1.0006297
2717,[0.3452451],1.000629
2718,[0.3451124],1.0006285
2719,[0.34497988],1.0006279
2720,[0.3448465],1.0006273
2721,[0.34471363],1.0006267
2722,[0.34458125],1.0006262
2723,[0.3444485],1.0006257
2724,[0.3443161],1.000625
2725,[0.34418428],1.0006244
2726,[0.34405226],1.000624
2727,[0.3439197],1.0006233
2728,[0.34378666],1.0006229
2729,[0.34365445],1.0006222
2730,[0.3435231],1.0006217
2731,[0.34339178],1.0006211
2732,[0.34325996],1.0006205
2733,[0.34312832],1.00062
2734,[0.34299675],1.0006194
2735,[0.34286496],1.0006189
2736,[0.34273326],1.0006182
2737,[0.3426019],1.0006177
2738,[0.3424708],1.0006173
2739,[0.3423402],1.0006166
2740,[0.34220898],1.0006161
2741,[0.34207743],1.0006156
2742,[0.3419462],1.0006149
2743,[0.34181532],1.0006144
2744,[0.34168488],1.0006139
2745,[0.34155396],1.0006132
2746,[0.34142274],1.0006127
2747,[0.34129214],1.0006123
2748,[0.34116203],1.0006115
2749,[0.34103188],1.0006111
2750,[0.34090143],1.0006106
2751,[0.34077132],1.0006099
2752,[0.34064168],1.0006094
2753,[0.34051117],1.0006087
2754,[0.34038007],1.0006082
2755,[0.34024966],1.0006077
2756,[0.34012],1.0006073
2757,[0.33999056],1.0006065
2758,[0.33986086],1.0006061
2759,[0.33973145],1.0006056
2760,[0.339602],1.0006049
2761,[0.3394723],1.0006044
2762,[0.33934218],1.0006039
2763,[0.33921295],1.0006032
2764,[0.3390839],1.0006027
2765,[0.33895487],1.0006022
2766,[0.338826],1.0006018
2767,[0.3386967],1.000601
2768,[0.338568],1.0006006
2769,[0.3384393],1.0006001
2770,[0.3383101],1.0005994
2771,[0.33818102],1.0005989
2772,[0.3380526],1.0005984
2773,[0.33792448],1.000598
2774,[0.33779606],1.0005972
2775,[0.33766842],1.0005968
2776,[0.3375405],1.0005963
2777,[0.33741182],1.0005958
2778,[0.33728352],1.0005951
2779,[0.33715528],1.0005949
2780,[0.33702707],1.0005941
2781,[0.33689892],1.0005937
2782,[0.33677125],1.0005932
2783,[0.336644],1.0005925
2784,[0.33651698],1.000592
2785,[0.33638978],1.0005915
2786,[0.33626196],1.000591
2787,[0.3361344],1.0005906
2788,[0.33600694],1.0005901
2789,[0.33587965],1.0005894
2790,[0.33575284],1.0005889
2791,[0.33562598],1.0005884
2792,[0.3354988],1.0005879
2793,[0.33537254],1.0005875
2794,[0.3352456],1.000587
2795,[0.33511844],1.0005865
2796,[0.33499178],1.000586
2797,[0.33486575],1.0005853
2798,[0.3347392],1.0005848
2799,[0.33461282],1.0005844
2800,[0.3344869],1.0005839
2801,[0.33436114],1.0005834
2802,[0.33423573],1.0005827
2803,[0.33411098],1.0005822
2804,[0.33398476],1.0005817
2805,[0.33385867],1.0005813
2806,[0.33373237],1.0005808
2807,[0.33360678],1.0005801
2808,[0.33348173],1.0005796
2809,[0.33335733],1.0005791
2810,[0.33323297],1.0005786
2811,[0.33310765],1.0005782
2812,[0.332982],1.0005777
2813,[0.33285677],1.000577
2814,[0.33273193],1.0005765
2815,[0.33260745],1.000576
2816,[0.3324831],1.0005755
2817,[0.33235872],1.0005751
2818,[0.33223444],1.0005744
2819,[0.33211052],1.0005739
2820,[0.3319862],1.0005734
2821,[0.33186227],1.0005729
2822,[0.33173788],1.0005724
2823,[0.33161333],1.000572
2824,[0.33148918],1.0005713
2825,[0.33136544],1.0005708
2826,[0.3312424],1.0005703
2827,[0.33111945],1.0005698
2828,[0.33099633],1.0005693
2829,[0.33087265],1.0005689
2830,[0.33074817],1.0005684
2831,[0.3306243],1.0005679
2832,[0.33050102],1.0005674
2833,[0.3303783],1.0005667
2834,[0.33025545],1.0005662
2835,[0.33013308],1.0005658
2836,[0.33001032],1.0005653
2837,[0.32988644],1.0005648
2838,[0.32976303],1.0005643
2839,[0.3296404],1.0005639
2840,[0.32951766],1.0005634
2841,[0.32939517],1.0005629
2842,[0.3292735],1.0005624
2843,[0.32915205],1.0005617
2844,[0.32902876],1.0005612
2845,[0.32890552],1.0005608
2846,[0.32878304],1.0005603
2847,[0.32866108],1.0005598
2848,[0.3285391],1.0005593
2849,[0.32841742],1.0005589
2850,[0.3282966],1.0005584
2851,[0.3281742],1.0005579
2852,[0.3280518],1.0005574
2853,[0.32792994],1.000557
2854,[0.32780853],1.0005565
2855,[0.32768708],1.000556
2856,[0.32756537],1.0005555
2857,[0.32744396],1.000555
2858,[0.32732293],1.0005546
2859,[0.32720208],1.0005541
2860,[0.3270813],1.0005536
2861,[0.32696074],1.0005531
2862,[0.32683975],1.0005527
2863,[0.32671845],1.0005522
2864,[0.32659763],1.0005517
2865,[0.3264776],1.0005512
2866,[0.3263566],1.0005507
2867,[0.32623544],1.0005503
2868,[0.32611534],1.0005498
2869,[0.3259956],1.0005493
2870,[0.3258757],1.0005488
2871,[0.32575595],1.0005484
2872,[0.32563582],1.0005479
2873,[0.3255151],1.0005474
2874,[0.32539496],1.0005469
2875,[0.32527536],1.0005465
2876,[0.32515565],1.000546
2877,[0.32503617],1.0005455
2878,[0.32491708],1.000545
2879,[0.3247978],1.0005445
2880,[0.32467824],1.0005441
2881,[0.32455823],1.0005436
2882,[0.32443848],1.0005431
2883,[0.32431942],1.0005426
2884,[0.3242005],1.0005422
2885,[0.32408175],1.0005417
2886,[0.3239635],1.0005412
2887,[0.3238448],1.0005407
2888,[0.32372582],1.0005403
2889,[0.32360703],1.0005398
2890,[0.32348758],1.0005395
2891,[0.32336912],1.0005391
2892,[0.32325122],1.0005386
2893,[0.3231324],1.0005381
2894,[0.32301444],1.0005376
2895,[0.3228963],1.0005372
2896,[0.3227775],1.0005367
2897,[0.32265937],1.0005362
2898,[0.32254148],1.0005357
2899,[0.32242286],1.0005352
2900,[0.32230467],1.0005348
2901,[0.32218713],1.0005343
2902,[0.3220691],1.0005338
2903,[0.32195097],1.0005333
2904,[0.3218338],1.0005329
2905,[0.3217162],1.0005324
2906,[0.32159835],1.0005319
2907,[0.321481],1.0005317
2908,[0.32136384],1.000531
2909,[0.3212464],1.0005307
2910,[0.3211301],1.0005302
2911,[0.32101345],1.0005298
2912,[0.32089671],1.0005295
2913,[0.3207789],1.000529
2914,[0.32066068],1.0005286
2915,[0.32054335],1.0005281
2916,[0.3204271],1.0005276
2917,[0.3203113],1.0005271
2918,[0.32019415],1.0005267
2919,[0.320077],1.0005262
2920,[0.3199602],1.0005257
2921,[0.31984392],1.0005252
2922,[0.31972694],1.0005248
2923,[0.31961015],1.0005245
2924,[0.3194946],1.000524
2925,[0.31937823],1.0005236
2926,[0.3192618],1.0005231
2927,[0.31914622],1.0005226
2928,[0.31903106],1.0005221
2929,[0.31891403],1.0005217
2930,[0.31879807],1.0005214
2931,[0.31868213],1.000521
2932,[0.3185658],1.0005205
2933,[0.31844968],1.00052
2934,[0.31833446],1.0005195
2935,[0.3182186],1.0005193
2936,[0.318103],1.0005188
2937,[0.31798872],1.0005183
2938,[0.31787366],1.0005178
2939,[0.3177579],1.0005174
2940,[0.31764215],1.0005169
2941,[0.31752685],1.0005164
2942,[0.3174112],1.0005162
2943,[0.31729624],1.0005157
2944,[0.3171821],1.0005152
2945,[0.31706786],1.0005147
2946,[0.31695324],1.0005143
2947,[0.31683815],1.0005138
2948,[0.31672302],1.0005133
2949,[0.31660762],1.0005128
2950,[0.31649348],1.0005126
2951,[0.31638026],1.0005121
2952,[0.3162656],1.0005116
2953,[0.31615147],1.0005112
2954,[0.31603688],1.0005107
2955,[0.31592208],1.0005105
2956,[0.3158078],1.00051
2957,[0.31569386],1.0005095
2958,[0.3155806],1.000509
2959,[0.31546748],1.0005085
2960,[0.3153536],1.0005083
2961,[0.31523955],1.0005078
2962,[0.31512576],1.0005074
2963,[0.31501168],1.0005069
2964,[0.31489813],1.0005064
2965,[0.314785],1.0005062
2966,[0.31467167],1.0005057
2967,[0.31455874],1.0005052
2968,[0.31444633],1.0005047
2969,[0.31433296],1.0005045
2970,[0.3142194],1.000504
2971,[0.31410637],1.0005035
2972,[0.31399304],1.0005031
2973,[0.31388],1.0005026
2974,[0.3137675],1.0005021
2975,[0.31365535],1.0005019
2976,[0.3135433],1.0005014
2977,[0.3134307],1.0005009
2978,[0.3133184],1.0005004
2979,[0.31320578],1.0005
2980,[0.3130927],1.0004997
2981,[0.31297997],1.0004992
2982,[0.312868],1.0004988
2983,[0.31275594],1.0004983
2984,[0.31264317],1.000498
2985,[0.3125314],1.0004976
2986,[0.31241992],1.0004971
2987,[0.31230754],1.0004969
2988,[0.31219494],1.0004964
2989,[0.3120833],1.0004959
2990,[0.31197175],1.0004954
2991,[0.31186],1.000495
2992,[0.31174752],1.0004947
2993,[0.3116357],1.0004942
2994,[0.31152436],1.0004938
2995,[0.3114137],1.0004935
2996,[0.3113023],1.000493
2997,[0.31119058],1.0004926
2998,[0.31107953],1.0004923
2999,[0.31096873],1.0004919
3000,[0.3108567],1.0004914
